V1,X,County,Count.of.Overdose.Death.Related.to.any.Drug.Type,Year,TimeInterval,Count.of.Naloxone.used.by.EMS,CourtofCommonPleasOpioidCases,CourtofCommonPleasCases,RateofCourtofCommonPleasOpioidCases,Pop,Rate.of.Overdose.Death.Related.to.any.Drug.Type,Rate.of.Naloxone.used.by.EMS,CourtofCommonPleasOpioidRate,CourtofCommonPleasRate
1,1,Adams,,2012,Annual,,,,,102470,,,,
2,2,Adams,,2013,Annual,,,,,102470,,,,
3,3,Adams,,2014,Annual,,,,,102470,,,,
4,4,Adams,,2015,Annual,,,,,102470,,,,
5,5,Adams,28,2016,Annual,,,,,102470,27.3250707524153,,,
6,6,Adams,19,2017,Annual,,1,,,102470,18.5420122962818,,0.975895384014834,
7,7,Adams,16,2018,Annual,,,,,102470,15.6143261442373,,,
8,8,Adams,,2019,Annual,,,,,102470,,,,
9,9,Adams,17,2020,Annual,,,,,102470,16.5902215282522,,,
10,10,Allegheny,291,2012,Annual,,,,,1221744,23.8184104034888,,,
11,11,Allegheny,289,2013,Annual,,,,,1221744,23.6547099883445,,,
12,12,Allegheny,326,2014,Annual,,,,,1221744,26.6831676685132,,,
13,13,Allegheny,438,2015,Annual,,,,,1221744,35.8503909165914,,,
14,14,Allegheny,721,2016,Annual,,98,,,1221744,59.0139996595031,,8.02132034206839,
15,15,Allegheny,825,2017,Annual,,,,,1221744,67.5264212470043,,,
16,16,Allegheny,483,2018,Annual,,,,,1221744,39.5336502573371,,,
17,17,Allegheny,569,2019,Annual,,,,,1221744,46.5727681085399,,,
18,18,Allegheny,494,2020,Annual,,,,,1221744,40.4340025406304,,,
19,19,Armstrong,12,2012,Annual,,,,,65867,18.2185312827364,,,
20,20,Armstrong,13,2013,Annual,,,,,65867,19.7367422229645,,,
21,21,Armstrong,17,2014,Annual,,,,,65867,25.8095859838766,,,
22,22,Armstrong,28,2015,Annual,,,,,65867,42.509906326385,,,
23,23,Armstrong,39,2016,Annual,,,,,65867,59.2102266688934,,,
24,24,Armstrong,29,2017,Annual,,,,,65867,44.028117266613,,,
25,25,Armstrong,22,2018,Annual,,,,,65867,33.4006406850168,,,
26,26,Armstrong,20,2019,Annual,,,,,65867,30.3642188045607,,,
27,27,Armstrong,24,2020,Annual,,,,,65867,36.4370625654728,,,
28,28,Beaver,24,2012,Annual,,,,,165833,14.4723908992782,,,
29,29,Beaver,43,2013,Annual,,,,,165833,25.9297003612068,,,
30,30,Beaver,33,2014,Annual,,,,,165833,19.8995374865075,,,
31,31,Beaver,33,2015,Annual,,,,,165833,19.8995374865075,,,
32,32,Beaver,104,2016,Annual,,,,,165833,62.7136938968722,,,
33,33,Beaver,85,2017,Annual,,,,,165833,51.2563844349436,,,
34,34,Beaver,42,2018,Annual,,,,,165833,25.3266840737368,,,
35,35,Beaver,63,2019,Annual,,,,,165833,37.9900261106052,,,
36,36,Beaver,59,2020,Annual,,,,,165833,35.5779609607255,,,
37,37,Bedford,,2012,Annual,,,,,48337,,,,
38,38,Bedford,,2013,Annual,,,,,48337,,,,
39,39,Bedford,,2014,Annual,,,,,48337,,,,
40,40,Bedford,,2015,Annual,,,,,48337,,,,
41,41,Bedford,11,2016,Annual,,,,,48337,22.75689430457,,,
42,42,Bedford,14,2017,Annual,,,,,48337,28.9633200239982,,,
43,43,Bedford,,2018,Annual,,,,,48337,,,,
44,44,Bedford,,2019,Annual,,,,,48337,,,,
45,45,Bedford,10,2020,Annual,,,,,48337,20.6880857314273,,,
46,46,Berks,37,2012,Annual,,,,,418025,8.85114526643143,,,
47,47,Berks,49,2013,Annual,,,,,418025,11.7217869744632,,,
48,48,Berks,58,2014,Annual,,,,,418025,13.8747682554871,,,
49,49,Berks,60,2015,Annual,,,,,418025,14.3532085401591,,,
50,50,Berks,105,2016,Annual,,,,,418025,25.1181149452784,,,
51,51,Berks,104,2017,Annual,,,,,418025,24.8788948029424,,,
52,52,Berks,89,2018,Annual,,,,,418025,21.2905926679026,,,
53,53,Berks,117,2019,Annual,,,,,418025,27.9887566533102,,,
54,54,Berks,90,2020,Annual,,,,,418025,21.5298128102386,,,
55,55,Blair,18,2012,Annual,,,,,123157,14.6154907963007,,,
56,56,Blair,18,2013,Annual,,,,,123157,14.6154907963007,,,
57,57,Blair,21,2014,Annual,,,,,123157,17.0514059290174,,,
58,58,Blair,32,2015,Annual,,,,,123157,25.9830947489789,,,
59,59,Blair,33,2016,Annual,,,,,123157,26.7950664598845,,,
60,60,Blair,44,2017,Annual,,,,,123157,35.7267552798461,,,
61,61,Blair,24,2018,Annual,,,,,123157,19.4873210617342,,,
62,62,Blair,29,2019,Annual,,,,,123157,23.5471796162622,,,
63,63,Blair,40,2020,Annual,,,,,123157,32.4788684362237,,,
64,64,Bradford,13,2012,Annual,,,,,60963,21.3244098879648,,,
65,65,Bradford,,2013,Annual,,,,,60963,,,,
66,66,Bradford,,2014,Annual,,,,,60963,,,,
67,67,Bradford,10,2015,Annual,,,,,60963,16.4033922215114,,,
68,68,Bradford,,2016,Annual,,,,,60963,,,,
69,69,Bradford,12,2017,Annual,,,,,60963,19.6840706658137,,,
70,70,Bradford,10,2018,Annual,,,,,60963,16.4033922215114,,,
71,71,Bradford,17,2019,Annual,,,,,60963,27.8857667765694,,,
72,72,Bradford,,2020,Annual,,,,,60963,,,,
73,73,Bucks,94,2012,Annual,,,,,626806,14.9966656349812,,,
74,74,Bucks,106,2013,Annual,,,,,626806,16.911133588383,,,
75,75,Bucks,119,2014,Annual,,,,,626806,18.9851405379017,,,
76,76,Bucks,125,2015,Annual,,,,,626806,19.9423745146026,,,
77,77,Bucks,165,2016,Annual,,,,,626806,26.3239343592754,,,
78,78,Bucks,242,2017,Annual,,,,,626806,38.6084370602706,,,
79,79,Bucks,222,2018,Annual,,,,,626806,35.4176571379342,,,
80,80,Bucks,186,2019,Annual,,,,,626806,29.6742532777287,,,
81,81,Bucks,116,2020,Annual,,,,,626806,18.5065235495512,,,
82,82,Butler,20,2012,Annual,,,,,186899,10.7009668323533,,,
83,83,Butler,27,2013,Annual,,,,,186899,14.446305223677,,,
84,84,Butler,29,2014,Annual,,,,,186899,15.5164019069123,,,
85,85,Butler,47,2015,Annual,,,,,186899,25.1472720560303,,,
86,86,Butler,73,2016,Annual,,,,,186899,39.0585289380896,,,
87,87,Butler,89,2017,Annual,,,,,186899,47.6193024039722,,,
88,88,Butler,45,2018,Annual,,,,,186899,24.0771753727949,,,
89,89,Butler,60,2019,Annual,,,,,186899,32.1029004970599,,,
90,90,Butler,59,2020,Annual,,,,,186899,31.5678521554422,,,
91,91,Cambria,28,2012,Annual,,,,,133009,21.0512070611763,,,
92,92,Cambria,48,2013,Annual,,,,,133009,36.0877835334451,,,
93,93,Cambria,38,2014,Annual,,,,,133009,28.5694952973107,,,
94,94,Cambria,56,2015,Annual,,,,,133009,42.1024141223526,,,
95,95,Cambria,94,2016,Annual,,,,,133009,70.6719094196633,,,
96,96,Cambria,85,2017,Annual,,,,,133009,63.9054500071424,,,
97,97,Cambria,62,2018,Annual,,,,,133009,46.6133870640333,,,
98,98,Cambria,55,2019,Annual,,,,,133009,41.3505852987392,,,
99,99,Cambria,51,2020,Annual,,,,,133009,38.3432700042854,,,
100,100,Cameron,0,2012,Annual,,,,,4611,0,,,
101,101,Cameron,0,2013,Annual,,,,,4611,0,,,
102,102,Cameron,0,2014,Annual,,,,,4611,0,,,
103,103,Cameron,,2015,Annual,,,,,4611,,,,
104,104,Cameron,0,2016,Annual,,,,,4611,0,,,
105,105,Cameron,0,2017,Annual,,,,,4611,0,,,
106,106,Cameron,0,2018,Annual,,,,,4611,0,,,
107,107,Cameron,0,2019,Annual,,,,,4611,0,,,
108,108,Cameron,0,2020,Annual,,,,,4611,0,,,
109,109,Carbon,,2012,Annual,,,,,63887,,,,
110,110,Carbon,14,2013,Annual,,,,,63887,21.9136913613098,,,
111,111,Carbon,16,2014,Annual,,,,,63887,25.0442186986398,,,
112,112,Carbon,17,2015,Annual,,,,,63887,26.6094823673048,,,
113,113,Carbon,18,2016,Annual,,,,,63887,28.1747460359698,,,
114,114,Carbon,29,2017,Annual,,,,,63887,45.3926463912846,,,
115,115,Carbon,35,2018,Annual,,,,,63887,54.7842284032745,,,
116,116,Carbon,27,2019,Annual,,,,,63887,42.2621190539546,,,
117,117,Carbon,20,2020,Annual,,,,,63887,31.3052733732997,,,
118,118,Centre,,2012,Annual,,,,,161960,,,,
119,119,Centre,14,2013,Annual,,,,,161960,8.64410965670536,,,
120,120,Centre,14,2014,Annual,,,,,161960,8.64410965670536,,,
121,121,Centre,12,2015,Annual,,,,,161960,7.40923684860459,,,
122,122,Centre,19,2016,Annual,,,,,161960,11.7312916769573,,,
123,123,Centre,10,2017,Annual,,,,,161960,6.17436404050383,,,
124,124,Centre,20,2018,Annual,,,,,161960,12.3487280810077,,,
125,125,Centre,,2019,Annual,,,,,161960,,,,
126,126,Centre,12,2020,Annual,,,,,161960,7.40923684860459,,,
127,127,Chester,51,2012,Annual,,,,,519560,9.8159981522827,,,
128,128,Chester,47,2013,Annual,,,,,519560,9.04611594426053,,,
129,129,Chester,61,2014,Annual,,,,,519560,11.7407036723381,,,
130,130,Chester,68,2015,Annual,,,,,519560,13.0879975363769,,,
131,131,Chester,97,2016,Annual,,,,,519560,18.6696435445377,,,
132,132,Chester,138,2017,Annual,,,,,519560,26.560936176765,,,
133,133,Chester,107,2018,Annual,,,,,519560,20.5943490645931,,,
134,134,Chester,109,2019,Annual,,,,,519560,20.9792901686042,,,
135,135,Chester,98,2020,Annual,,,,,519560,18.8621140965432,,,
136,136,Clarion,,2012,Annual,,,,,38715,,,,
137,137,Clarion,,2013,Annual,,,,,38715,,,,
138,138,Clarion,,2014,Annual,,,,,38715,,,,
139,139,Clarion,,2015,Annual,,,,,38715,,,,
140,140,Clarion,,2016,Annual,,,,,38715,,,,
141,141,Clarion,,2017,Annual,,,,,38715,,,,
142,142,Clarion,11,2018,Annual,,,,,38715,28.4127599121787,,,
143,143,Clarion,,2019,Annual,,,,,38715,,,,
144,144,Clarion,,2020,Annual,,,,,38715,,,,
145,145,Clearfield,,2012,Annual,,,,,79908,,,,
146,146,Clearfield,16,2013,Annual,,,,,79908,20.0230264804525,,,
147,147,Clearfield,,2014,Annual,,,,,79908,,,,
148,148,Clearfield,13,2015,Annual,,,,,79908,16.2687090153677,,,
149,149,Clearfield,,2016,Annual,,,,,79908,,,,
150,150,Clearfield,,2017,Annual,,,,,79908,,,,
151,151,Clearfield,18,2018,Annual,,,,,79908,22.5259047905091,,,
152,152,Clearfield,,2019,Annual,,,,,79908,,,,
153,153,Clearfield,19,2020,Annual,,,,,79908,23.7773439455374,,,
154,154,Clinton,,2012,Annual,,,,,38915,,,,
155,155,Clinton,,2013,Annual,,,,,38915,,,,
156,156,Clinton,,2014,Annual,,,,,38915,,,,
157,157,Clinton,,2015,Annual,,,,,38915,,,,
158,158,Clinton,12,2016,Annual,,,,,38915,30.8364383913658,,,
159,159,Clinton,,2017,Annual,,,,,38915,,,,
160,160,Clinton,,2018,Annual,,,,,38915,,,,
161,161,Clinton,,2019,Annual,,,,,38915,,,,
162,162,Clinton,,2020,Annual,,,,,38915,,,,
163,163,Columbia,,2012,Annual,,,,,65715,,,,
164,164,Columbia,,2013,Annual,,,,,65715,,,,
165,165,Columbia,,2014,Annual,,,,,65715,,,,
166,166,Columbia,10,2015,Annual,,,,,65715,15.2172258997185,,,
167,167,Columbia,15,2016,Annual,,,,,65715,22.8258388495777,,,
168,168,Columbia,14,2017,Annual,,,,,65715,21.3041162596059,,,
169,169,Columbia,17,2018,Annual,,,,,65715,25.8692840295214,,,
170,170,Columbia,14,2019,Annual,,,,,65715,21.3041162596059,,,
171,171,Columbia,13,2020,Annual,,,,,65715,19.782393669634,,,
172,172,Crawford,16,2012,Annual,,,,,85665,18.6774061752174,,,
173,173,Crawford,14,2013,Annual,,,,,85665,16.3427304033152,,,
174,174,Crawford,15,2014,Annual,,,,,85665,17.5100682892663,,,
175,175,Crawford,25,2015,Annual,,,,,85665,29.1834471487772,,,
176,176,Crawford,31,2016,Annual,,,,,85665,36.1874744644837,,,
177,177,Crawford,21,2017,Annual,,,,,85665,24.5140956049729,,,
178,178,Crawford,19,2018,Annual,,,,,85665,22.1794198330707,,,
179,179,Crawford,19,2019,Annual,,,,,85665,22.1794198330707,,,
180,180,Crawford,18,2020,Annual,,,,,85665,21.0120819471196,,,
181,181,Cumberland,22,2012,Annual,,,,,249328,8.82371815439902,,,
182,182,Cumberland,23,2013,Annual,,,,,249328,9.22479625232625,,,
183,183,Cumberland,31,2014,Annual,,,,,249328,12.4334210357441,,,
184,184,Cumberland,33,2015,Annual,,,,,249328,13.2355772315985,,,
185,185,Cumberland,57,2016,Annual,,,,,249328,22.861451581852,,,
186,186,Cumberland,82,2017,Annual,,,,,249328,32.8884040300327,,,
187,187,Cumberland,48,2018,Annual,,,,,249328,19.251748700507,,,
188,188,Cumberland,41,2019,Annual,,,,,249328,16.4442020150164,,,
189,189,Cumberland,52,2020,Annual,,,,,249328,20.8560610922159,,,
190,190,Dauphin,36,2012,Annual,,,,,275632,13.0608927845823,,,
191,191,Dauphin,43,2013,Annual,,,,,275632,15.6005108260289,,,
192,192,Dauphin,58,2014,Annual,,,,,275632,21.0425494862716,,,
193,193,Dauphin,72,2015,Annual,,,,,275632,26.1217855691647,,,
194,194,Dauphin,77,2016,Annual,,,,,275632,27.9357984559122,,,
195,195,Dauphin,94,2017,Annual,,,,,275632,34.1034422708539,,,
196,196,Dauphin,120,2018,Annual,,,,,275632,43.5363092819411,,,
197,197,Dauphin,101,2019,Annual,,,,,275632,36.6430603123005,,,
198,198,Dauphin,92,2020,Annual,,,,,275632,33.3778371161549,,,
199,199,Delaware,117,2012,Annual,,,,,564554,20.724323979637,,,
200,200,Delaware,121,2013,Annual,,,,,564554,21.4328478763767,,,
201,201,Delaware,120,2014,Annual,,,,,564554,21.2557169021918,,,
202,202,Delaware,157,2015,Annual,,,,,564554,27.8095629470343,,,
203,203,Delaware,195,2016,Annual,,,,,564554,34.5405399660617,,,
204,204,Delaware,251,2017,Annual,,,,,564554,44.4598745204179,,,
205,205,Delaware,198,2018,Annual,,,,,564554,35.0719328886165,,,
206,206,Delaware,199,2019,Annual,,,,,564554,35.2490638628014,,,
207,207,Delaware,95,2020,Annual,,,,,564554,16.8274425475685,,,
208,208,Elk,,2012,Annual,,,,,30340,,,,
209,209,Elk,,2013,Annual,,,,,30340,,,,
210,210,Elk,,2014,Annual,,,,,30340,,,,
211,211,Elk,,2015,Annual,,,,,30340,,,,
212,212,Elk,,2016,Annual,,,,,30340,,,,
213,213,Elk,,2017,Annual,,,,,30340,,,,
214,214,Elk,,2018,Annual,,,,,30340,,,,
215,215,Elk,,2019,Annual,,,,,30340,,,,
216,216,Elk,,2020,Annual,,,,,30340,,,,
217,217,Erie,47,2012,Annual,,,,,273835,17.1636204283601,,,
218,218,Erie,52,2013,Annual,,,,,273835,18.989537495207,,,
219,219,Erie,55,2014,Annual,,,,,273835,20.0850877353151,,,
220,220,Erie,56,2015,Annual,,,,,273835,20.4502711486844,,,
221,221,Erie,89,2016,Annual,,,,,273835,32.5013237898735,,,
222,222,Erie,115,2017,Annual,,,,,273835,41.9960925374769,,,
223,223,Erie,75,2018,Annual,,,,,273835,27.3887560027024,,,
224,224,Erie,69,2019,Annual,,,,,273835,25.1976555224862,,,
225,225,Erie,67,2020,Annual,,,,,273835,24.4672886957474,,,
226,226,Fayette,13,2012,Annual,,,,,131302,9.90083928653029,,,
227,227,Fayette,28,2013,Annual,,,,,131302,21.3248846171422,,,
228,228,Fayette,33,2014,Annual,,,,,131302,25.1328997273461,,,
229,229,Fayette,40,2015,Annual,,,,,131302,30.4641208816317,,,
230,230,Fayette,60,2016,Annual,,,,,131302,45.6961813224475,,,
231,231,Fayette,75,2017,Annual,,,,,131302,57.1202266530594,,,
232,232,Fayette,41,2018,Annual,,,,,131302,31.2257239036724,,,
233,233,Fayette,39,2019,Annual,,,,,131302,29.7025178595909,,,
234,234,Fayette,57,2020,Annual,,,,,131302,43.4113722563251,,,
235,235,Forest,0,2012,Annual,,,,,7313,0,,,
236,236,Forest,0,2013,Annual,,,,,7313,0,,,
237,237,Forest,0,2014,Annual,,,,,7313,0,,,
238,238,Forest,,2015,Annual,,,,,7313,,,,
239,239,Forest,0,2016,Annual,,,,,7313,0,,,
240,240,Forest,0,2017,Annual,,,,,7313,0,,,
241,241,Forest,0,2018,Annual,,,,,7313,0,,,
242,242,Forest,,2019,Annual,,,,,7313,,,,
243,243,Forest,,2020,Annual,,,,,7313,,,,
244,244,Franklin,14,2012,Annual,,,,,154147,9.08223968030516,,,
245,245,Franklin,10,2013,Annual,,,,,154147,6.48731405736083,,,
246,246,Franklin,21,2014,Annual,,,,,154147,13.6233595204577,,,
247,247,Franklin,23,2015,Annual,,,,,154147,14.9208223319299,,,
248,248,Franklin,34,2016,Annual,,,,,154147,22.0568677950268,,,
249,249,Franklin,37,2017,Annual,,,,,154147,24.0030620122351,,,
250,250,Franklin,33,2018,Annual,,,,,154147,21.4081363892907,,,
251,251,Franklin,28,2019,Annual,,,,,154147,18.1644793606103,,,
252,252,Franklin,12,2020,Annual,,,,,154147,7.784776868833,,,
253,253,Fulton,,2012,Annual,,,,,14506,,,,
254,254,Fulton,,2013,Annual,,,,,14506,,,,
255,255,Fulton,,2014,Annual,,,,,14506,,,,
256,256,Fulton,,2015,Annual,,,,,14506,,,,
257,257,Fulton,12,2016,Annual,,,,,14506,82.7243899076244,,,
258,258,Fulton,,2017,Annual,,,,,14506,,,,
259,259,Fulton,,2018,Annual,,,,,14506,,,,
260,260,Fulton,,2019,Annual,,,,,14506,,,,
261,261,Fulton,,2020,Annual,,,,,14506,,,,
262,262,Greene,,2012,Annual,,,,,36870,,,,
263,263,Greene,,2013,Annual,,,,,36870,,,,
264,264,Greene,,2014,Annual,,,,,36870,,,,
265,265,Greene,14,2015,Annual,,,,,36870,37.971250339029,,,
266,266,Greene,18,2016,Annual,,,,,36870,48.820179007323,,,
267,267,Greene,12,2017,Annual,,,,,36870,32.546786004882,,,
268,268,Greene,,2018,Annual,,,,,36870,,,,
269,269,Greene,12,2019,Annual,,,,,36870,32.546786004882,,,
270,270,Greene,12,2020,Annual,,,,,36870,32.546786004882,,,
271,271,Huntingdon,,2012,Annual,,,,,45369,,,,
272,272,Huntingdon,,2013,Annual,,,,,45369,,,,
273,273,Huntingdon,,2014,Annual,,,,,45369,,,,
274,274,Huntingdon,,2015,Annual,,,,,45369,,,,
275,275,Huntingdon,,2016,Annual,,,,,45369,,,,
276,276,Huntingdon,13,2017,Annual,,,,,45369,28.6539266900306,,,
277,277,Huntingdon,,2018,Annual,,,,,45369,,,,
278,278,Huntingdon,10,2019,Annual,,,,,45369,22.0414820692543,,,
279,279,Huntingdon,,2020,Annual,,,,,45369,,,,
280,280,Indiana,16,2012,Annual,,,,,85032,18.8164455734312,,,
281,281,Indiana,10,2013,Annual,,,,,85032,11.7602784833945,,,
282,282,Indiana,,2014,Annual,,,,,85032,,,,
283,283,Indiana,27,2015,Annual,,,,,85032,31.7527519051651,,,
284,284,Indiana,43,2016,Annual,,,,,85032,50.5691974785963,,,
285,285,Indiana,36,2017,Annual,,,,,85032,42.3370025402201,,,
286,286,Indiana,19,2018,Annual,,,,,85032,22.3445291184495,,,
287,287,Indiana,33,2019,Annual,,,,,85032,38.8089189952018,,,
288,288,Indiana,29,2020,Annual,,,,,85032,34.104807601844,,,
289,289,Jefferson,,2012,Annual,,,,,43846,,,,
290,290,Jefferson,,2013,Annual,,,,,43846,,,,
291,291,Jefferson,,2014,Annual,,,,,43846,,,,
292,292,Jefferson,,2015,Annual,,,,,43846,,,,
293,293,Jefferson,,2016,Annual,,,,,43846,,,,
294,294,Jefferson,,2017,Annual,,,,,43846,,,,
295,295,Jefferson,,2018,Annual,,,,,43846,,,,
296,296,Jefferson,10,2019,Annual,,,,,43846,22.8070975687634,,,
297,297,Jefferson,,2020,Annual,,,,,43846,,,,
298,298,Juniata,,2012,Annual,,,,,24624,,,,
299,299,Juniata,,2013,Annual,,,,,24624,,,,
300,300,Juniata,,2014,Annual,,,,,24624,,,,
301,301,Juniata,,2015,Annual,,,,,24624,,,,
302,302,Juniata,,2016,Annual,,,,,24624,,,,
303,303,Juniata,,2017,Annual,,,,,24624,,,,
304,304,Juniata,,2018,Annual,,,,,24624,,,,
305,305,Juniata,,2019,Annual,,,,,24624,,,,
306,306,Juniata,,2020,Annual,,,,,24624,,,,
307,307,Lackawanna,46,2012,Annual,,,,,210652,21.8369633328903,,,
308,308,Lackawanna,42,2013,Annual,,,,,210652,19.9380969561172,,,
309,309,Lackawanna,38,2014,Annual,,,,,210652,18.0392305793441,,,
310,310,Lackawanna,67,2015,Annual,,,,,210652,31.8060118109489,,,
311,311,Lackawanna,72,2016,Annual,,,,,210652,34.1795947819152,,,
312,312,Lackawanna,79,2017,Annual,,,,,210652,37.5026109412681,,,
313,313,Lackawanna,94,2018,Annual,,,,,210652,44.6233598541671,,,
314,314,Lackawanna,65,2019,Annual,,,,,210652,30.8565786225623,,,
315,315,Lackawanna,67,2020,Annual,,,,,210652,31.8060118109489,,,
316,316,Lancaster,49,2012,Annual,,,,,540999,9.05731803570801,,,
317,317,Lancaster,53,2013,Annual,,,,,540999,9.79669093658214,,,
318,318,Lancaster,62,2014,Annual,,,,,540999,11.4602799635489,,,
319,319,Lancaster,78,2015,Annual,,,,,540999,14.4177715670454,,,
320,320,Lancaster,113,2016,Annual,,,,,540999,20.887284449694,,,
321,321,Lancaster,169,2017,Annual,,,,,540999,31.2385050619317,,,
322,322,Lancaster,107,2018,Annual,,,,,540999,19.7782250983828,,,
323,323,Lancaster,103,2019,Annual,,,,,540999,19.0388521975087,,,
324,324,Lancaster,132,2020,Annual,,,,,540999,24.3993057288461,,,
325,325,Lawrence,13,2012,Annual,,,,,86727,14.9895649567032,,,
326,326,Lawrence,29,2013,Annual,,,,,86727,33.4382602880303,,,
327,327,Lawrence,20,2014,Annual,,,,,86727,23.0608691641588,,,
328,328,Lawrence,32,2015,Annual,,,,,86727,36.8973906626541,,,
329,329,Lawrence,40,2016,Annual,,,,,86727,46.1217383283176,,,
330,330,Lawrence,49,2017,Annual,,,,,86727,56.4991294521891,,,
331,331,Lawrence,37,2018,Annual,,,,,86727,42.6626079536938,,,
332,332,Lawrence,30,2019,Annual,,,,,86727,34.5913037462382,,,
333,333,Lawrence,31,2020,Annual,,,,,86727,35.7443472044461,,,
334,334,Lebanon,,2012,Annual,,,,,139729,,,,
335,335,Lebanon,,2013,Annual,,,,,139729,,,,
336,336,Lebanon,19,2014,Annual,,,,,139729,13.5977499302221,,,
337,337,Lebanon,20,2015,Annual,,,,,139729,14.3134209791811,,,
338,338,Lebanon,18,2016,Annual,,,,,139729,12.882078881263,,,
339,339,Lebanon,24,2017,Annual,,,,,139729,17.1761051750174,,,
340,340,Lebanon,25,2018,Annual,,,,,139729,17.8917762239764,,,
341,341,Lebanon,23,2019,Annual,,,,,139729,16.4604341260583,,,
342,342,Lebanon,33,2020,Annual,,,,,139729,23.6171446156489,,,
343,343,Lehigh,63,2012,Annual,,,,,365052,17.25781532494,,,
344,344,Lehigh,72,2013,Annual,,,,,365052,19.7232175142172,,,
345,345,Lehigh,68,2014,Annual,,,,,365052,18.6274832078718,,,
346,346,Lehigh,82,2015,Annual,,,,,365052,22.4625532800806,,,
347,347,Lehigh,123,2016,Annual,,,,,365052,33.693829920121,,,
348,348,Lehigh,154,2017,Annual,,,,,365052,42.1857707942978,,,
349,349,Lehigh,130,2018,Annual,,,,,365052,35.6113649562254,,,
350,350,Lehigh,146,2019,Annual,,,,,365052,39.994302181607,,,
351,351,Lehigh,95,2020,Annual,,,,,365052,26.0236897757032,,,
352,352,Luzerne,60,2012,Annual,,,,,317663,18.8879409940723,,,
353,353,Luzerne,59,2013,Annual,,,,,317663,18.5731419775045,,,
354,354,Luzerne,61,2014,Annual,,,,,317663,19.2027400106402,,,
355,355,Luzerne,90,2015,Annual,,,,,317663,28.3319114911085,,,
356,356,Luzerne,138,2016,Annual,,,,,317663,43.4422642863664,,,
357,357,Luzerne,144,2017,Annual,,,,,317663,45.3310583857736,,,
358,358,Luzerne,155,2018,Annual,,,,,317663,48.7938475680202,,,
359,359,Luzerne,134,2019,Annual,,,,,317663,42.1830682200949,,,
360,360,Luzerne,121,2020,Annual,,,,,317663,38.0906810047125,,,
361,361,Lycoming,10,2012,Annual,,,,,114330,8.74661068835826,,,
362,362,Lycoming,13,2013,Annual,,,,,114330,11.3705938948657,,,
363,363,Lycoming,13,2014,Annual,,,,,114330,11.3705938948657,,,
364,364,Lycoming,18,2015,Annual,,,,,114330,15.7438992390449,,,
365,365,Lycoming,20,2016,Annual,,,,,114330,17.4932213767165,,,
366,366,Lycoming,20,2017,Annual,,,,,114330,17.4932213767165,,,
367,367,Lycoming,12,2018,Annual,,,,,114330,10.4959328260299,,,
368,368,Lycoming,20,2019,Annual,,,,,114330,17.4932213767165,,,
369,369,Lycoming,31,2020,Annual,,,,,114330,27.1144931339106,,,
370,370,Mckean,,2012,Annual,,,,,,,,,
371,371,Mckean,,2013,Annual,,,,,,,,,
372,372,Mckean,,2014,Annual,,,,,,,,,
373,373,Mckean,,2015,Annual,,,,,,,,,
374,374,Mckean,,2016,Annual,,,,,,,,,
375,375,Mckean,,2017,Annual,,,,,,,,,
376,376,Mckean,,2018,Annual,,,,,,,,,
377,377,Mckean,,2019,Annual,,,,,,,,,
378,378,Mckean,,2020,Annual,,,,,,,,,
379,379,Mercer,15,2012,Annual,,,,,111518,13.4507433777507,,,
380,380,Mercer,21,2013,Annual,,,,,111518,18.8310407288509,,,
381,381,Mercer,26,2014,Annual,,,,,111518,23.3146218547678,,,
382,382,Mercer,15,2015,Annual,,,,,111518,13.4507433777507,,,
383,383,Mercer,28,2016,Annual,,,,,111518,25.1080543051346,,,
384,384,Mercer,36,2017,Annual,,,,,111518,32.2817841066016,,,
385,385,Mercer,51,2018,Annual,,,,,111518,45.7325274843523,,,
386,386,Mercer,37,2019,Annual,,,,,111518,33.178500331785,,,
387,387,Mercer,32,2020,Annual,,,,,111518,28.6949192058681,,,
388,388,Mifflin,,2012,Annual,,,,,46276,,,,
389,389,Mifflin,,2013,Annual,,,,,46276,,,,
390,390,Mifflin,,2014,Annual,,,,,46276,,,,
391,391,Mifflin,,2015,Annual,,,,,46276,,,,
392,392,Mifflin,,2016,Annual,,,,,46276,,,,
393,393,Mifflin,13,2017,Annual,,,,,46276,28.0923156711902,,,
394,394,Mifflin,,2018,Annual,,,,,46276,,,,
395,395,Mifflin,,2019,Annual,,,,,46276,,,,
396,396,Mifflin,,2020,Annual,,,,,46276,,,,
397,397,Monroe,24,2012,Annual,,,,,168032,14.2829937154828,,,
398,398,Monroe,28,2013,Annual,,,,,168032,16.6634926680632,,,
399,399,Monroe,25,2014,Annual,,,,,168032,14.8781184536279,,,
400,400,Monroe,39,2015,Annual,,,,,168032,23.2098647876595,,,
401,401,Monroe,42,2016,Annual,,,,,168032,24.9952390020948,,,
402,402,Monroe,52,2017,Annual,,,,,168032,30.946486383546,,,
403,403,Monroe,54,2018,Annual,,,,,168032,32.1367358598362,,,
404,404,Monroe,58,2019,Annual,,,,,168032,34.5172348124167,,,
405,405,Monroe,70,2020,Annual,,,,,168032,41.6587316701581,,,
406,406,Montgomery,109,2012,Annual,,,,,823823,13.2309974351287,,,
407,407,Montgomery,125,2013,Annual,,,,,823823,15.1731621962485,,,
408,408,Montgomery,134,2014,Annual,,,,,823823,16.2656298743784,,,
409,409,Montgomery,139,2015,Annual,,,,,823823,16.8725563622283,,,
410,410,Montgomery,215,2016,Annual,,,,,823823,26.0978389775474,,,
411,411,Montgomery,210,2017,Annual,,,,,823823,25.4909124896974,,,
412,412,Montgomery,187,2018,Annual,,,,,823823,22.6990506455877,,,
413,413,Montgomery,208,2019,Annual,,,,,823823,25.2481418945574,,,
414,414,Montgomery,164,2020,Annual,,,,,823823,19.907188801478,,,
415,415,Montour,,2012,Annual,,,,,18259,,,,
416,416,Montour,10,2013,Annual,,,,,18259,54.7675119119338,,,
417,417,Montour,,2014,Annual,,,,,18259,,,,
418,418,Montour,,2015,Annual,,,,,18259,,,,
419,419,Montour,10,2016,Annual,,,,,18259,54.7675119119338,,,
420,420,Montour,13,2017,Annual,,,,,18259,71.197765485514,,,
421,421,Montour,12,2018,Annual,,,,,18259,65.7210142943206,,,
422,422,Montour,15,2019,Annual,,,,,18259,82.1512678679008,,,
423,423,Montour,,2020,Annual,,,,,18259,,,,
424,424,Northampton,25,2012,Annual,,,,,302809,8.25602937825494,,,
425,425,Northampton,34,2013,Annual,,,,,302809,11.2281999544267,,,
426,426,Northampton,18,2014,Annual,,,,,302809,5.94434115234356,,,
427,427,Northampton,56,2015,Annual,,,,,302809,18.4935058072911,,,
428,428,Northampton,68,2016,Annual,,,,,302809,22.4563999088534,,,
429,429,Northampton,93,2017,Annual,,,,,302809,30.7124292871084,,,
430,430,Northampton,69,2018,Annual,,,,,302809,22.7866410839836,,,
431,431,Northampton,59,2019,Annual,,,,,302809,19.4842293326817,,,
432,432,Northampton,56,2020,Annual,,,,,302809,18.4935058072911,,,
433,433,Northumberland,,2012,Annual,,,,,91761,,,,
434,434,Northumberland,11,2013,Annual,,,,,91761,11.9876636043635,,,
435,435,Northumberland,16,2014,Annual,,,,,91761,17.4366016063469,,,
436,436,Northumberland,12,2015,Annual,,,,,91761,13.0774512047602,,,
437,437,Northumberland,26,2016,Annual,,,,,91761,28.3344776103137,,,
438,438,Northumberland,26,2017,Annual,,,,,91761,28.3344776103137,,,
439,439,Northumberland,20,2018,Annual,,,,,91761,21.7957520079337,,,
440,440,Northumberland,36,2019,Annual,,,,,91761,39.2323536142806,,,
441,441,Northumberland,24,2020,Annual,,,,,91761,26.1549024095204,,,
442,442,Perry,,2012,Annual,,,,,46053,,,,
443,443,Perry,,2013,Annual,,,,,46053,,,,
444,444,Perry,,2014,Annual,,,,,46053,,,,
445,445,Perry,,2015,Annual,,,,,46053,,,,
446,446,Perry,,2016,Annual,,,,,46053,,,,
447,447,Perry,13,2017,Annual,,,,,46053,28.2283456018066,,,
448,448,Perry,14,2018,Annual,,,,,46053,30.3997568019456,,,
449,449,Perry,,2019,Annual,,,,,46053,,,,
450,450,Perry,,2020,Annual,,,,,46053,,,,
451,451,Philadelphia,464,2012,Annual,,,,,1579075,29.3842914364422,,,
452,452,Philadelphia,420,2013,Annual,,,,,1579075,26.5978500071244,,,
453,453,Philadelphia,562,2014,Annual,,,,,1579075,35.5904564381046,,,
454,454,Philadelphia,638,2015,Annual,,,,,1579075,40.4034007251081,,,
455,455,Philadelphia,840,2016,Annual,,,,,1579075,53.1957000142488,,,
456,456,Philadelphia,1222,2017,Annual,,,,,1579075,77.3870778778715,,,
457,457,Philadelphia,1118,2018,Annual,,,,,1579075,70.8009435903931,,,
458,458,Philadelphia,1154,2019,Annual,,,,,1579075,73.0807593052895,,,
459,459,Philadelphia,1053,2020,Annual,,,,,1579075,66.6846096607191,,,
460,460,Pike,,2012,Annual,,,,,55453,,,,
461,461,Pike,,2013,Annual,,,,,55453,,,,
462,462,Pike,,2014,Annual,,,,,55453,,,,
463,463,Pike,,2015,Annual,,,,,55453,,,,
464,464,Pike,10,2016,Annual,,,,,55453,18.033289452329,,,
465,465,Pike,13,2017,Annual,,,,,55453,23.4432762880277,,,
466,466,Pike,18,2018,Annual,,,,,55453,32.4599210141922,,,
467,467,Pike,14,2019,Annual,,,,,55453,25.2466052332606,,,
468,468,Pike,11,2020,Annual,,,,,55453,19.8366183975619,,,
469,469,Potter,,2012,Annual,,,,,16806,,,,
470,470,Potter,0,2013,Annual,,,,,16806,0,,,
471,471,Potter,0,2014,Annual,,,,,16806,0,,,
472,472,Potter,,2015,Annual,,,,,16806,,,,
473,473,Potter,,2016,Annual,,,,,16806,,,,
474,474,Potter,,2017,Annual,,,,,16806,,,,
475,475,Potter,,2018,Annual,,,,,16806,,,,
476,476,Potter,,2019,Annual,,,,,16806,,,,
477,477,Potter,,2020,Annual,,,,,16806,,,,
478,478,Schuylkill,33,2012,Annual,,,,,142674,23.1296522141385,,,
479,479,Schuylkill,21,2013,Annual,,,,,142674,14.7188695908154,,,
480,480,Schuylkill,25,2014,Annual,,,,,142674,17.5224637985898,,,
481,481,Schuylkill,21,2015,Annual,,,,,142674,14.7188695908154,,,
482,482,Schuylkill,57,2016,Annual,,,,,142674,39.9512174607847,,,
483,483,Schuylkill,27,2017,Annual,,,,,142674,18.924260902477,,,
484,484,Schuylkill,56,2018,Annual,,,,,142674,39.2503189088411,,,
485,485,Schuylkill,54,2019,Annual,,,,,142674,37.8485218049539,,,
486,486,Schuylkill,15,2020,Annual,,,,,142674,10.5134782791539,,,
487,487,Snyder,,2012,Annual,,,,,40483,,,,
488,488,Snyder,0,2013,Annual,,,,,40483,0,,,
489,489,Snyder,0,2014,Annual,,,,,40483,0,,,
490,490,Snyder,,2015,Annual,,,,,40483,,,,
491,491,Snyder,,2016,Annual,,,,,40483,,,,
492,492,Snyder,,2017,Annual,,,,,40483,,,,
493,493,Snyder,,2018,Annual,,,,,40483,,,,
494,494,Snyder,,2019,Annual,,,,,40483,,,,
495,495,Snyder,,2020,Annual,,,,,40483,,,,
496,496,Somerset,13,2012,Annual,,,,,74361,17.4822823792042,,,
497,497,Somerset,,2013,Annual,,,,,74361,,,,
498,498,Somerset,14,2014,Annual,,,,,74361,18.8270733314506,,,
499,499,Somerset,15,2015,Annual,,,,,74361,20.1718642836971,,,
500,500,Somerset,27,2016,Annual,,,,,74361,36.3093557106548,,,
501,501,Somerset,28,2017,Annual,,,,,74361,37.6541466629013,,,
502,502,Somerset,13,2018,Annual,,,,,74361,17.4822823792042,,,
503,503,Somerset,12,2019,Annual,,,,,74361,16.1374914269577,,,
504,504,Somerset,16,2020,Annual,,,,,74361,21.5166552359436,,,
505,505,Sullivan,0,2012,Annual,,,,,6135,0,,,
506,506,Sullivan,0,2013,Annual,,,,,6135,0,,,
507,507,Sullivan,0,2014,Annual,,,,,6135,0,,,
508,508,Sullivan,0,2015,Annual,,,,,6135,0,,,
509,509,Sullivan,,2016,Annual,,,,,6135,,,,
510,510,Sullivan,0,2017,Annual,,,,,6135,0,,,
511,511,Sullivan,0,2018,Annual,,,,,6135,0,,,
512,512,Sullivan,,2019,Annual,,,,,6135,,,,
513,513,Sullivan,0,2020,Annual,,,,,6135,0,,,
514,514,Susquehanna,,2012,Annual,,,,,40970,,,,
515,515,Susquehanna,,2013,Annual,,,,,40970,,,,
516,516,Susquehanna,13,2014,Annual,,,,,40970,31.7305345374664,,,
517,517,Susquehanna,,2015,Annual,,,,,40970,,,,
518,518,Susquehanna,10,2016,Annual,,,,,40970,24.4081034903588,,,
519,519,Susquehanna,,2017,Annual,,,,,40970,,,,
520,520,Susquehanna,10,2018,Annual,,,,,40970,24.4081034903588,,,
521,521,Susquehanna,,2019,Annual,,,,,40970,,,,
522,522,Susquehanna,,2020,Annual,,,,,40970,,,,
523,523,Tioga,,2012,Annual,,,,,40944,,,,
524,524,Tioga,,2013,Annual,,,,,40944,,,,
525,525,Tioga,,2014,Annual,,,,,40944,,,,
526,526,Tioga,,2015,Annual,,,,,40944,,,,
527,527,Tioga,,2016,Annual,,,,,40944,,,,
528,528,Tioga,,2017,Annual,,,,,40944,,,,
529,529,Tioga,,2018,Annual,,,,,40944,,,,
530,530,Tioga,,2019,Annual,,,,,40944,,,,
531,531,Tioga,,2020,Annual,,,,,40944,,,,
532,532,Union,,2012,Annual,,,,,45111,,,,
533,533,Union,,2013,Annual,,,,,45111,,,,
534,534,Union,,2014,Annual,,,,,45111,,,,
535,535,Union,,2015,Annual,,,,,45111,,,,
536,536,Union,,2016,Annual,,,,,45111,,,,
537,537,Union,,2017,Annual,,,,,45111,,,,
538,538,Union,,2018,Annual,,,,,45111,,,,
539,539,Union,,2019,Annual,,,,,45111,,,,
540,540,Union,,2020,Annual,,,,,45111,,,,
541,541,Venango,,2012,Annual,,,,,51818,,,,
542,542,Venango,,2013,Annual,,,,,51818,,,,
543,543,Venango,10,2014,Annual,,,,,51818,19.2983133274152,,,
544,544,Venango,11,2015,Annual,,,,,51818,21.2281446601567,,,
545,545,Venango,,2016,Annual,,,,,51818,,,,
546,546,Venango,,2017,Annual,,,,,51818,,,,
547,547,Venango,,2018,Annual,,,,,51818,,,,
548,548,Venango,,2019,Annual,,,,,51818,,,,
549,549,Venango,10,2020,Annual,,,,,51818,19.2983133274152,,,
550,550,Warren,,2012,Annual,,,,,39756,,,,
551,551,Warren,0,2013,Annual,,,,,39756,0,,,
552,552,Warren,,2014,Annual,,,,,39756,,,,
553,553,Warren,,2015,Annual,,,,,39756,,,,
554,554,Warren,,2016,Annual,,,,,39756,,,,
555,555,Warren,,2017,Annual,,,,,39756,,,,
556,556,Warren,0,2018,Annual,,,,,39756,0,,,
557,557,Warren,,2019,Annual,,,,,39756,,,,
558,558,Warren,,2020,Annual,,,,,39756,,,,
559,559,Washington,31,2012,Annual,,,,,207212,14.9605235218038,,,
560,560,Washington,49,2013,Annual,,,,,207212,23.6472791151092,,,
561,561,Washington,43,2014,Annual,,,,,207212,20.7516939173407,,,
562,562,Washington,64,2015,Annual,,,,,207212,30.8862421095303,,,
563,563,Washington,101,2016,Annual,,,,,207212,48.7423508291026,,,
564,564,Washington,92,2017,Annual,,,,,207212,44.3989730324499,,,
565,565,Washington,73,2018,Annual,,,,,207212,35.229619906183,,,
566,566,Washington,76,2019,Annual,,,,,207212,36.6774125050673,,,
567,567,Washington,75,2020,Annual,,,,,207212,36.1948149721059,,,
568,568,Wayne,11,2012,Annual,,,,,51422,21.3916222628447,,,
569,569,Wayne,,2013,Annual,,,,,51422,,,,
570,570,Wayne,13,2014,Annual,,,,,51422,25.2810081288165,,,
571,571,Wayne,17,2015,Annual,,,,,51422,33.05977986076,,,
572,572,Wayne,15,2016,Annual,,,,,51422,29.1703939947882,,,
573,573,Wayne,12,2017,Annual,,,,,51422,23.3363151958306,,,
574,574,Wayne,17,2018,Annual,,,,,51422,33.05977986076,,,
575,575,Wayne,19,2019,Annual,,,,,51422,36.9491657267317,,,
576,576,Wayne,13,2020,Annual,,,,,51422,25.2810081288165,,,
577,577,Westmoreland,83,2012,Annual,,,,,352590,23.5400890552767,,,
578,578,Westmoreland,84,2013,Annual,,,,,352590,23.8237045860631,,,
579,579,Westmoreland,82,2014,Annual,,,,,352590,23.2564735244902,,,
580,580,Westmoreland,120,2015,Annual,,,,,352590,34.0338636943759,,,
581,581,Westmoreland,168,2016,Annual,,,,,352590,47.6474091721263,,,
582,582,Westmoreland,191,2017,Annual,,,,,352590,54.170566380215,,,
583,583,Westmoreland,119,2018,Annual,,,,,352590,33.7502481635894,,,
584,584,Westmoreland,114,2019,Annual,,,,,352590,32.3321705096571,,,
585,585,Westmoreland,83,2020,Annual,,,,,352590,23.5400890552767,,,
586,586,Wyoming,,2012,Annual,,,,,27327,,,,
587,587,Wyoming,,2013,Annual,,,,,27327,,,,
588,588,Wyoming,,2014,Annual,,,,,27327,,,,
589,589,Wyoming,,2015,Annual,,,,,27327,,,,
590,590,Wyoming,,2016,Annual,,,,,27327,,,,
591,591,Wyoming,,2017,Annual,,,,,27327,,,,
592,592,Wyoming,13,2018,Annual,,,,,27327,47.5719983898708,,,
593,593,Wyoming,,2019,Annual,,,,,27327,,,,
594,594,Wyoming,,2020,Annual,,,,,27327,,,,
595,595,York,67,2012,Annual,,,,,445565,15.0370877425291,,,
596,596,York,53,2013,Annual,,,,,445565,11.8950097067768,,,
597,597,York,108,2014,Annual,,,,,445565,24.2388877043753,,,
598,598,York,88,2015,Annual,,,,,445565,19.7502047961577,,,
599,599,York,121,2016,Annual,,,,,445565,27.1565315947168,,,
600,600,York,167,2017,Annual,,,,,445565,37.4805022836174,,,
601,601,York,159,2018,Annual,,,,,445565,35.6850291203304,,,
602,602,York,146,2019,Annual,,,,,445565,32.7673852299889,,,
603,603,York,169,2020,Annual,,,,,445565,37.9293705744392,,,
