V1,State,Year,TimeInterval,OverdoseDeathsNaturalSemisynthetic,OverdoseDeathsSyntheticOpioids,OverdoseDeathsMethadone,OverdoseDeathsHeroin,OpioidOverdoseDeaths,AllDrugOverdoseDeaths,OpioidOverdoseDeathsPercentofAllDrugs,OpioidOverdoseDeathRate,DrugOverdoseDeathRate,IP,ED,name
1,AK,2005,Annual,,,,,18,79,0.23,,11.4,,,Alaska
6,AK,2006,Annual,14,,11,,29,76,0.38,4.1,11.1,,,Alaska
11,AK,2007,Annual,,,,,,72,,,10.1,,,Alaska
16,AK,2008,Annual,51,13,30,,,127,0.69,12.5,,,,Alaska
21,AK,2009,Annual,60,22,21,,,131,0.69,12.5,,,,Alaska
26,AK,2010,Annual,38,10,25,,62,83,0.75,8.7,,,,Alaska
31,AK,2011,Annual,36,,17,12,,107,0.62,8.7,14.2,,,Alaska
36,AK,2012,Annual,42,,10,23,81,129,0.63,10.8,17.4,,,Alaska
41,AK,2013,Annual,38,12,,24,,105,0.66,9.2,14.4,,,Alaska
46,AK,2014,Annual,40,14,12,25,,124,,10.6,,,,Alaska
51,AK,2015,Annual,51,14,10,37,,122,0.7,,16,199.0194345,,Alaska
56,AK,2016,Annual,45,,13,49,,128,0.73,12.5,,241.5916373,,Alaska
61,AK,2017,Annual,47,37,,36,,147,0.69,13.9,,255.5705227,,Alaska
66,AK,2018,Annual,34,18,,29,,110,0.62,8.8,,257.2209883,,Alaska
73,AL,2005,Annual,24,11,47,,80,283,0.28,1.8,6.3,,,Alabama
74,AL,2006,Annual,49,22,65,,124,,0.31,2.7,8.7,,,Alabama
75,AL,2007,Annual,66,21,86,,165,,,3.6,11.1,,,Alabama
76,AL,2008,Annual,73,19,101,,,,0.3,4.1,13,,,Alabama
77,AL,2009,Annual,92,31,88,12,,630,0.33,4.5,13.6,,,Alabama
78,AL,2010,Annual,82,34,78,,,,,4.1,11.8,,,Alabama
79,AL,2011,Annual,92,19,63,14,176,,,3.8,11.8,,,Alabama
80,AL,2012,Annual,62,16,55,35,165,562,0.29,3.6,12.1,,,Alabama
81,AL,2013,Annual,65,30,41,40,,,0.28,3.5,12.7,,,Alabama
82,AL,2014,Annual,90,47,44,122,,723,0.37,5.6,15.2,,,Alabama
83,AL,2015,Annual,87,70,40,111,,,0.38,6.1,,,,Alabama
84,AL,2016,Annual,94,157,34,126,343,,0.45,7.5,16.2,,,Alabama
85,AL,2017,Annual,141,198,30,125,422,,0.51,9,18,,,Alabama
86,AL,2018,Annual,126,147,32,137,,,0.49,8.3,,,,Alabama
87,AR,2005,Annual,60,26,53,,123,269,0.46,4.6,10.1,82.14192424,,Arkansas
92,AR,2006,Annual,68,31,70,,140,285,0.49,5.1,10.5,84.5033918,,Arkansas
97,AR,2007,Annual,87,27,63,,,301,0.49,5.4,10.9,87.96941873,,Arkansas
102,AR,2008,Annual,110,43,89,,,,0.55,7.2,,101.8755069,,Arkansas
107,AR,2009,Annual,124,59,70,,201,351,0.57,7.2,12.6,112.5463688,,Arkansas
112,AR,2010,Annual,118,57,56,,,,0.54,6.8,,116.4112392,,Arkansas
117,AR,2011,Annual,114,29,56,,169,355,0.48,6.2,12.6,128.857475,,Arkansas
122,AR,2012,Annual,118,20,43,,169,,0.45,6,,132.7876585,,Arkansas
127,AR,2013,Annual,111,31,42,,,319,0.51,5.6,11.1,128.0940879,65.24250668,Arkansas
132,AR,2014,Annual,119,32,29,,,356,0.49,6.3,12.6,139.2807615,71.60215233,Arkansas
137,AR,2015,Annual,144,44,37,,,,0.52,7.2,13.8,168.3532055,90.95780347,Arkansas
142,AR,2016,Annual,114,38,32,13,169,401,0.42,5.9,,204.0235345,98.43587623,Arkansas
147,AR,2017,Annual,,68,17,15,,446,0.42,6.5,,207.8649923,105.5680428,Arkansas
152,AR,2018,Annual,108,92,16,19,,,0.47,,,,,Arkansas
159,AZ,2005,Annual,171,35,87,32,375,,0.47,6.6,14.1,99.36492981,78.62995527,Arizona
164,AZ,2006,Annual,187,54,88,52,459,,0.52,7.8,14.9,102.5598265,82.15777877,Arizona
169,AZ,2007,Annual,218,38,81,51,,,0.49,7.7,,104.2976566,82.39582678,Arizona
174,AZ,2008,Annual,255,49,89,63,,,0.6,8.1,13.5,172.4532186,112.271249,Arizona
179,AZ,2009,Annual,312,55,105,84,,,0.6,9.8,16.1,176.5848383,119.5504771,Arizona
184,AZ,2010,Annual,327,68,106,90,,,0.57,9.9,,193.4311817,145.0296683,Arizona
189,AZ,2011,Annual,313,40,55,117,562,,0.52,8.8,16.9,219.5683844,180.0061139,Arizona
194,AZ,2012,Annual,326,36,50,101,526,,0.46,8.2,17.7,229.7016467,184.2467473,Arizona
199,AZ,2013,Annual,253,52,64,146,,,0.43,8.2,18.7,230.6557353,183.9811397,Arizona
204,AZ,2014,Annual,290,57,62,197,,,0.49,8.8,,247.0056266,214.8834716,Arizona
209,AZ,2015,Annual,,72,75,247,,,0.53,10.2,,276.7676218,238.9451376,Arizona
214,AZ,2016,Annual,326,123,75,299,,,0.56,11.4,,355.587126,311.1495926,Arizona
219,AZ,2017,Annual,349,267,83,334,,,,13.5,,338.3931748,248.5417326,Arizona
224,AZ,2018,Annual,311,522,62,352,,,0.66,15.9,,323.9317155,258.6161753,Arizona
231,CA,2005,Annual,765,123,214,251,1372,,0.43,3.8,9,115.2903062,62.446231,California
236,CA,2006,Annual,820,154,276,274,1511,,0.43,4.1,9.6,111.2637902,64.38432033,California
241,CA,2007,Annual,917,138,312,291,,,0.43,4.5,10.5,115.0738482,68.23298638,California
246,CA,2008,Annual,1082,155,337,325,,,0.47,4.8,10.4,124.5602915,76.60138918,California
251,CA,2009,Annual,1147,201,426,352,,,0.49,5.2,10.7,129.5253832,87.3969448,California
256,CA,2010,Annual,1063,205,456,326,,,0.48,5,10.6,139.167018,96.63345411,California
261,CA,2011,Annual,1167,164,406,364,,,0.46,5,10.7,150.9074179,112.1298522,California
266,CA,2012,Annual,965,146,342,362,1719,,0.43,4.4,,160.9891663,137.8735026,California
271,CA,2013,Annual,1039,176,343,486,,,0.44,4.9,11.1,162.3058256,144.3105722,California
276,CA,2014,Annual,,194,337,561,,,0.45,5,11.1,168.3478314,156.4231119,California
281,CA,2015,Annual,,229,291,593,,,0.43,4.9,11.3,186.0403602,168.4995036,California
286,CA,2016,Annual,,355,281,587,,,0.43,4.9,11.2,214.2931371,183.3908262,California
291,CA,2017,Annual,,536,253,715,,,0.45,5.3,11.7,215.9017226,178.3514875,California
296,CA,2018,Annual,910,865,234,778,,,0.45,5.8,12.8,211.9320321,171.2312811,California
303,CO,2005,Annual,105,35,55,41,295,,0.49,6.2,12.7,110.9623464,,Colorado
308,CO,2006,Annual,123,27,62,39,326,,0.52,6.7,12.8,114.5566567,,Colorado
313,CO,2007,Annual,185,44,58,39,,,0.48,7,14.7,128.8690969,,Colorado
318,CO,2008,Annual,176,39,48,48,,,0.47,7,,131.378738,,Colorado
323,CO,2009,Annual,170,68,57,70,,769,0.52,7.7,,136.7598962,,Colorado
328,CO,2010,Annual,135,58,48,46,,654,0.46,5.9,12.7,151.8320718,,Colorado
333,CO,2011,Annual,198,78,61,79,418,,0.5,8,16.1,180.3651896,,Colorado
338,CO,2012,Annual,223,52,43,91,407,,0.5,7.7,,195.5483137,,Colorado
343,CO,2013,Annual,221,67,41,120,,,0.51,8,,175.6228173,,Colorado
348,CO,2014,Annual,,80,51,156,,,0.58,9.4,,186.1389647,,Colorado
353,CO,2015,Annual,,64,34,159,495,,0.57,8.7,15.4,204.700138,,Colorado
358,CO,2016,Annual,212,72,58,234,536,,0.57,9.5,,248.6524678,,Colorado
363,CO,2017,Annual,254,112,58,224,,,0.57,10,17.6,236.1114853,244.6851328,Colorado
368,CO,2018,Annual,222,134,55,233,,,0.57,9.5,,213.2322973,231.1564437,Colorado
375,CT,2005,Annual,28,10,35,74,163,295,0.55,4.7,8.5,212.1647704,185.4897929,Connecticut
380,CT,2006,Annual,38,11,59,87,224,407,0.55,6.4,11.5,223.2906548,169.3728699,Connecticut
385,CT,2007,Annual,33,22,57,118,,,0.56,7,12.2,226.1426336,161.1761021,Connecticut
390,CT,2008,Annual,38,16,47,109,,386,0.6,6.5,10.7,236.1889982,171.1204041,Connecticut
395,CT,2009,Annual,31,20,42,99,,393,0.55,6.2,,262.6826935,188.4088881,Connecticut
400,CT,2010,Annual,41,22,43,77,,363,,6.3,10.1,267.730792,182.0191219,Connecticut
405,CT,2011,Annual,44,13,32,85,,,0.52,6,11.2,273.43961,176.1944653,Connecticut
410,CT,2012,Annual,38,15,24,98,201,439,0.46,5.7,12.1,293.3896178,203.7674575,Connecticut
415,CT,2013,Annual,144,53,49,227,,582,0.75,12.3,16,317.2164617,234.6952121,Connecticut
420,CT,2014,Annual,157,94,50,299,,,0.84,,17.6,337.5480704,254.594312,Connecticut
425,CT,2015,Annual,,211,72,390,685,,,,,359.1114657,325.7382974,Connecticut
430,CT,2016,Annual,206,500,72,450,,,,,,415.9024284,407.0065606,Connecticut
435,CT,2017,Annual,,686,95,425,,,,,,391.7554971,403.4769965,Connecticut
440,CT,2018,Annual,161,767,76,338,,,,,,,,Connecticut
447,DC,2005,Annual,,,,,44,77,0.57,7.8,13.7,,,District of Columbia
452,DC,2006,Annual,14,,12,,55,101,0.54,9.6,17.8,,,District of Columbia
457,DC,2007,Annual,,,,,29,61,0.48,5.2,,,,District of Columbia
462,DC,2008,Annual,,,,,,56,0.55,5.1,9.6,,,District of Columbia
467,DC,2009,Annual,,,,,,26,0.5,,,,,District of Columbia
472,DC,2010,Annual,,,,16,34,78,0.44,5.8,12.9,,,District of Columbia
477,DC,2011,Annual,11,,11,23,51,86,,8,13.5,,,District of Columbia
482,DC,2012,Annual,13,,,25,44,77,0.57,7.3,12.6,,,District of Columbia
487,DC,2013,Annual,10,,,35,,102,,8.6,,368.0697402,,District of Columbia
492,DC,2014,Annual,19,13,,37,,96,0.66,9.4,14.2,388.8446644,217.4393071,District of Columbia
497,DC,2015,Annual,21,26,,67,,125,,,,439.0551896,205.5837754,District of Columbia
502,DC,2016,Annual,52,129,21,122,,269,,,,527.9979702,311.2586401,District of Columbia
507,DC,2017,Annual,39,182,24,127,,310,0.79,,,517.9654727,310.1549327,District of Columbia
512,DC,2018,Annual,32,162,10,79,,254,0.75,,,432.2405657,249.5793807,District of Columbia
519,DE,2005,Annual,10,,,,29,62,0.47,3.5,7.5,,,Delaware
524,DE,2006,Annual,13,12,13,,37,78,0.47,4.5,9.4,,,Delaware
529,DE,2007,Annual,12,,18,10,45,97,0.46,5.1,11.4,,,Delaware
534,DE,2008,Annual,29,,18,,65,124,0.52,7.7,14.3,,,Delaware
539,DE,2009,Annual,41,19,21,,81,136,0.6,9.3,15.4,,,Delaware
544,DE,2010,Annual,47,14,20,16,,145,0.71,12,,,,Delaware
549,DE,2011,Annual,64,13,23,15,,160,0.71,12.6,17.6,,,Delaware
554,DE,2012,Annual,37,17,11,20,82,141,0.58,9.2,15.2,,,Delaware
559,DE,2013,Annual,35,22,21,39,,166,0.68,12.8,18.7,,,Delaware
564,DE,2014,Annual,38,29,24,54,124,189,0.66,13.9,,,,Delaware
569,DE,2015,Annual,36,38,14,64,133,198,0.67,,,,,Delaware
574,DE,2016,Annual,31,79,11,56,,,0.55,,,271.3039963,,Delaware
579,DE,2017,Annual,64,178,15,121,,338,0.74,,,272.1170582,,Delaware
584,DE,2018,Annual,62,296,24,143,,401,,,,,,Delaware
591,FL,2005,Annual,496,144,430,108,1097,,0.46,6.3,13.5,103.4759048,53.08229446,Florida
596,FL,2006,Annual,583,131,516,87,1223,,0.47,6.9,14.4,115.8513857,55.93566061,Florida
601,FL,2007,Annual,769,137,568,78,,,0.53,8.2,15.4,131.6023536,55.8537958,Florida
606,FL,2008,Annual,858,132,463,108,,,0.5,8.2,16.2,148.3373638,71.52423129,Florida
611,FL,2009,Annual,1011,171,471,96,,,0.51,8.7,,168.6416185,82.46127776,Florida
616,FL,2010,Annual,1169,146,439,51,,,0.55,9.1,16.4,194.0093882,92.08449277,Florida
621,FL,2011,Annual,1062,138,458,62,,,0.54,8.4,15.4,213.8153303,95.17348534,Florida
626,FL,2012,Annual,850,162,337,101,1326,,0.51,6.9,13.3,216.446178,89.04723658,Florida
631,FL,2013,Annual,751,200,271,181,,,0.51,6.6,12.6,225.3677934,93.43960758,Florida
636,FL,2014,Annual,,343,227,344,,,0.53,7.2,13.2,234.8656544,109.1011643,Florida
641,FL,2015,Annual,,610,210,567,,,0.57,9.4,16.2,284.4949575,140.1901551,Florida
646,FL,2016,Annual,,1566,203,669,,,,,,367.7415569,217.376846,Florida
651,FL,2017,Annual,,2126,175,707,,,0.64,,,375.4136217,237.9544049,Florida
656,FL,2018,Annual,1150,2091,187,689,,,0.68,15.8,22.8,376.2281293,205.2813873,Florida
663,GA,2005,Annual,122,47,123,,300,,0.41,3.3,8.2,45.82795386,37.33689688,Georgia
668,GA,2006,Annual,130,57,137,,331,,0.4,3.6,8.9,48.68531698,40.81506336,Georgia
673,GA,2007,Annual,139,65,168,11,,,0.42,4.1,9.7,51.32049886,42.91458064,Georgia
678,GA,2008,Annual,193,57,138,23,,,0.43,4.2,9.7,61.84513863,48.44416567,Georgia
683,GA,2009,Annual,252,83,165,21,,,0.49,5,,59.81166944,51.50352133,Georgia
688,GA,2010,Annual,305,103,150,10,,,0.51,5.4,10.7,76.19252711,61.23973953,Georgia
693,GA,2011,Annual,327,86,141,30,,1058,0.51,5.4,10.7,84.65628912,71.27518772,Georgia
698,GA,2012,Annual,300,61,161,40,536,,0.51,5.4,10.6,90.65614525,78.48637588,Georgia
703,GA,2013,Annual,309,80,110,67,,,0.48,5.3,,90.06789793,79.175817,Georgia
708,GA,2014,Annual,,174,124,153,,,,7,,93.65369902,84.75142751,Georgia
713,GA,2015,Annual,,284,115,222,,,0.66,8.4,12.7,112.1256889,104.4733983,Georgia
718,GA,2016,Annual,455,277,115,226,,,0.66,8.8,13.3,118.28688,119.4459508,Georgia
723,GA,2017,Annual,,419,83,263,,,0.66,9.7,14.7,124.0894738,131.0814649,Georgia
728,GA,2018,Annual,395,349,84,299,,,0.62,8.3,13.2,119.6828625,124.8594288,Georgia
735,HI,2005,Annual,39,,18,,67,126,0.53,5,9.4,70.99212382,51.4844256,Hawaii
740,HI,2006,Annual,30,,19,,54,86,0.63,4,6.4,70.35819344,61.76016055,Hawaii
745,HI,2007,Annual,49,,20,,,136,0.57,5.7,,82.47820656,66.88485463,Hawaii
750,HI,2008,Annual,34,,10,,53,123,0.43,3.9,9,103.026021,67.53436416,Hawaii
755,HI,2009,Annual,35,,20,,57,136,0.42,4.1,9.6,110.7573304,72.56839945,Hawaii
760,HI,2010,Annual,40,,14,,,151,0.49,5.3,10.9,114.598959,84.85871485,Hawaii
765,HI,2011,Annual,47,,19,,,180,0.43,5.4,12.4,120.546831,99.49328182,Hawaii
770,HI,2012,Annual,35,,16,,62,155,0.4,4.5,,119.7041306,101.9459578,Hawaii
775,HI,2013,Annual,39,,17,10,,158,0.44,4.7,,142.6563012,94.85702459,Hawaii
780,HI,2014,Annual,35,,10,12,59,157,0.38,3.9,10.9,141.5201679,112.2604556,Hawaii
785,HI,2015,Annual,37,13,,15,62,169,0.37,4.1,11.3,160.1863734,117.8169736,Hawaii
790,HI,2016,Annual,44,,15,20,,191,0.4,5.2,12.8,170.6973972,135.9974093,Hawaii
795,HI,2017,Annual,33,,,10,53,203,0.26,3.4,13.8,161.8774688,,Hawaii
800,HI,2018,Annual,27,14,,16,59,213,0.28,4.1,14.3,153.1171363,,Hawaii
807,IA,2005,Annual,33,,21,,67,141,0.48,2.4,4.8,42.8299252,25.64328076,Iowa
812,IA,2006,Annual,51,16,22,,93,187,0.5,3.3,6.6,49.89252509,28.87549003,Iowa
817,IA,2007,Annual,53,18,37,,,203,0.53,3.6,,57.55442012,35.92120277,Iowa
822,IA,2008,Annual,78,25,27,10,,209,,4.4,,61.07136097,44.45226104,Iowa
827,IA,2009,Annual,83,35,31,,,,0.68,4.9,7.1,65.24098376,53.48217337,Iowa
832,IA,2010,Annual,75,43,39,,,253,0.58,5.1,8.6,63.68927428,35.17304502,Iowa
837,IA,2011,Annual,88,29,37,14,172,250,0.69,5.9,8.4,68.75341099,36.30730186,Iowa
842,IA,2012,Annual,100,36,41,14,171,,0.66,5.9,8.7,71.91120783,41.49946627,Iowa
847,IA,2013,Annual,106,32,24,31,,,0.65,6.1,9.3,71.91889566,40.61634244,Iowa
852,IA,2014,Annual,81,29,16,37,158,,0.6,5.3,8.8,72.73305745,45.12658752,Iowa
857,IA,2015,Annual,75,44,24,45,,309,0.55,5.8,,95.79820169,54.26344129,Iowa
862,IA,2016,Annual,82,58,13,47,,,0.58,6.2,10.6,123.4284966,75.06557452,Iowa
867,IA,2017,Annual,,92,16,61,,341,0.6,6.9,11.5,146.6031935,109.4389506,Iowa
872,IA,2018,Annual,54,80,10,37,,287,0.5,4.8,9.6,129.5189525,92.41051693,Iowa
879,ID,2005,Annual,25,,13,,50,109,0.46,3.7,8.1,,,Idaho
880,ID,2006,Annual,30,,35,,70,130,0.54,5,9.3,,,Idaho
881,ID,2007,Annual,32,10,23,,62,126,0.49,4.3,8.6,,,Idaho
882,ID,2008,Annual,47,,18,,,146,0.49,4.8,9.8,,,Idaho
883,ID,2009,Annual,35,11,16,,62,171,0.36,4.2,,,,Idaho
884,ID,2010,Annual,42,14,26,,,178,0.44,5.3,11.8,,,Idaho
885,ID,2011,Annual,45,,22,,,193,0.4,5.1,12.9,,,Idaho
886,ID,2012,Annual,33,11,12,,59,181,0.33,3.9,,,,Idaho
887,ID,2013,Annual,51,14,11,,,,0.37,4.8,,,,Idaho
888,ID,2014,Annual,42,13,18,11,,212,0.37,5,13.7,,,Idaho
889,ID,2015,Annual,51,16,12,16,,218,0.41,6,14.2,,,Idaho
890,ID,2016,Annual,64,20,15,25,,243,0.49,,15.2,,,Idaho
891,ID,2017,Annual,55,22,14,23,,236,0.44,6.2,14.4,,,Idaho
892,ID,2018,Annual,68,28,10,29,120,250,0.48,7.1,,,,Idaho
893,IL,2005,Annual,96,59,81,49,590,1067,0.55,4.7,8.4,274.2904113,,Illinois
898,IL,2006,Annual,107,375,91,63,870,,0.64,6.9,10.9,277.3362137,,Illinois
903,IL,2007,Annual,144,101,98,63,691,,0.58,5.5,9.4,281.1724249,,Illinois
908,IL,2008,Annual,178,83,83,107,,,0.63,6.7,10.6,304.0833979,,Illinois
913,IL,2009,Annual,195,111,88,116,,,0.64,6.9,,324.3216881,92.54197488,Illinois
918,IL,2010,Annual,175,115,79,150,,,0.67,6.8,,331.374477,102.9340455,Illinois
923,IL,2011,Annual,165,86,84,168,,,0.64,7.1,10.9,345.8257948,116.630446,Illinois
928,IL,2012,Annual,175,84,105,269,1151,,0.71,8.9,,315.3664251,144.6769511,Illinois
933,IL,2013,Annual,185,87,92,583,,,0.68,8.3,12.1,256.989197,152.7302516,Illinois
938,IL,2014,Annual,253,127,106,711,,,0.71,9.4,,306.5646582,169.065113,Illinois
943,IL,2015,Annual,,278,99,844,,,0.75,10.7,14.1,327.0260885,182.1855446,Illinois
948,IL,2016,Annual,,907,123,1040,,,,,18.9,362.8264305,231.2788699,Illinois
953,IL,2017,Annual,,1251,155,1187,,,0.79,,,348.3458208,259.7145436,Illinois
958,IL,2018,Annual,407,1568,155,1050,,,0.8,,,317.4160827,252.8664371,Illinois
965,IN,2005,Annual,59,26,51,15,160,610,0.26,2.6,9.8,114.2541981,55.00629571,Indiana
970,IN,2006,Annual,49,48,49,,176,,0.24,2.8,11.8,114.424045,59.62528696,Indiana
975,IN,2007,Annual,81,51,79,18,,781,0.31,3.9,12.4,121.1310869,75.39977352,Indiana
980,IN,2008,Annual,109,54,84,56,,,0.37,5,13.2,132.7212192,91.94391013,Indiana
985,IN,2009,Annual,148,64,80,63,319,,0.36,5,,148.8889464,98.52146473,Indiana
990,IN,2010,Annual,140,49,62,56,,,0.31,4.5,14.4,157.1318022,116.9083814,Indiana
995,IN,2011,Annual,173,40,57,68,,,0.37,5.6,15.3,177.4433335,125.9211479,Indiana
1000,IN,2012,Annual,136,43,46,114,375,1011,0.37,5.9,16,180.6651962,133.3801211,Indiana
1005,IN,2013,Annual,111,34,34,160,,,,5.7,,192.5500414,138.5619801,Indiana
1010,IN,2014,Annual,,83,37,173,,,0.39,7.3,,196.8551327,152.3269973,Indiana
1015,IN,2015,Annual,146,120,36,240,,,0.43,8.5,19.5,225.977877,205.9519007,Indiana
1020,IN,2016,Annual,231,304,34,297,,,0.52,12.6,,285.5499912,288.5883226,Indiana
1025,IN,2017,Annual,,649,49,327,,,0.63,,,294.1083234,288.7068832,Indiana
1030,IN,2018,Annual,323,713,55,311,,,0.68,,,,,Indiana
1037,KS,2005,Annual,52,17,45,,106,241,0.44,4.1,9.1,86.75321252,40.19660338,Kansas
1042,KS,2006,Annual,62,19,44,,120,,0.47,4.5,9.5,92.24057124,36.40482109,Kansas
1047,KS,2007,Annual,57,19,45,,,270,0.43,4.4,,107.9592401,48.2699048,Kansas
1052,KS,2008,Annual,48,18,22,,,219,0.44,3.5,8,125.4410661,59.51417341,Kansas
1057,KS,2009,Annual,60,35,45,11,,304,0.49,5.5,11.1,127.2683467,73.48248658,Kansas
1062,KS,2010,Annual,52,18,27,,104,269,0.39,3.8,9.6,127.6820923,77.51902446,Kansas
1067,KS,2011,Annual,70,23,27,,,280,0.42,4.3,10.1,121.9234083,83.50000031,Kansas
1072,KS,2012,Annual,88,44,33,16,171,,0.54,6.3,11.5,120.5982338,82.11011014,Kansas
1077,KS,2013,Annual,88,37,30,12,158,331,0.48,5.7,12,110.2427451,83.0649202,Kansas
1082,KS,2014,Annual,,39,34,19,,332,0.52,6,11.7,104.297011,81.84897302,Kansas
1087,KS,2015,Annual,,36,26,21,,329,0.46,5.4,11.8,118.4617521,81.03489643,Kansas
1092,KS,2016,Annual,83,27,10,32,,313,0.47,5.1,11.1,169.8089154,141.8721921,Kansas
1097,KS,2017,Annual,,32,17,25,144,333,0.43,5.1,11.8,177.2853221,141.898172,Kansas
1102,KS,2018,Annual,73,50,14,33,,,0.45,5.7,12.4,180.303186,116.3270225,Kansas
1109,KY,2005,Annual,128,31,156,,285,,0.45,6.8,15.3,166.2205915,,Kentucky
1114,KY,2006,Annual,169,50,170,,331,,0.45,8,17.4,185.469312,,Kentucky
1119,KY,2007,Annual,184,37,155,,343,,0.48,8.1,,194.4278047,,Kentucky
1124,KY,2008,Annual,229,44,126,12,,,0.48,8.7,,210.1293221,103.7251167,Kentucky
1129,KY,2009,Annual,290,65,92,23,,769,0.56,10.2,18,225.6487692,132.6811189,Kentucky
1134,KY,2010,Annual,436,53,118,37,,,,14.1,,242.7581367,139.4716068,Kentucky
1139,KY,2011,Annual,469,76,103,55,,1058,0.63,15.8,25,260.0221818,150.9711069,Kentucky
1144,KY,2012,Annual,391,70,79,143,673,,0.62,15.5,25,268.3292809,186.1399773,Kentucky
1149,KY,2013,Annual,349,76,70,215,,,0.65,15.5,,268.018952,192.2601521,Kentucky
1154,KY,2014,Annual,,179,59,228,,,0.68,,,280.3563669,219.7228145,Kentucky
1159,KY,2015,Annual,,323,60,310,,,0.7,,,346.9261906,278.6561454,Kentucky
1164,KY,2016,Annual,,465,48,311,,,0.7,,,411.0826256,374.9916923,Kentucky
1169,KY,2017,Annual,,780,49,269,,1566,0.74,27.9,,445.3632056,395.9227653,Kentucky
1174,KY,2018,Annual,290,744,37,140,,,0.75,,,443.2870155,322.6165443,Kentucky
1181,LA,2005,Annual,54,,101,,172,661,0.26,3.8,14.7,,,Louisiana
1186,LA,2006,Annual,61,14,117,14,194,,0.28,4.6,16.5,,,Louisiana
1191,LA,2007,Annual,88,21,106,,,,0.26,4.9,,,,Louisiana
1196,LA,2008,Annual,59,10,47,14,130,,,2.9,14.9,156.6706547,,Louisiana
1201,LA,2009,Annual,57,16,19,11,,,,2.8,,164.5079077,,Louisiana
1206,LA,2010,Annual,68,21,18,14,123,,,2.8,13.2,161.0029532,,Louisiana
1211,LA,2011,Annual,58,20,14,17,116,601,0.19,2.5,13.5,172.5071778,,Louisiana
1216,LA,2012,Annual,75,19,26,51,169,,0.3,3.7,,152.8505947,,Louisiana
1221,LA,2013,Annual,86,26,20,121,,,0.33,5.9,17.8,154.7101087,,Louisiana
1226,LA,2014,Annual,,29,20,107,,,0.33,5.7,16.9,156.5405701,,Louisiana
1231,LA,2015,Annual,108,38,16,126,,,0.33,6.3,,204.4995525,,Louisiana
1236,LA,2016,Annual,111,89,16,149,,,0.35,7.7,21.8,287.7106339,,Louisiana
1241,LA,2017,Annual,161,156,10,162,,,0.37,9.3,,231.5082969,,Louisiana
1246,LA,2018,Annual,135,216,16,167,,,0.39,10,,240.2884513,,Louisiana
1253,MA,2005,Annual,90,38,93,20,557,780,0.71,8.6,12,245.2252498,213.3614715,Massachusetts
1258,MA,2006,Annual,153,88,148,37,659,,0.68,10.1,14.7,259.0582163,210.1783237,Massachusetts
1263,MA,2007,Annual,170,74,125,68,,,0.7,9.9,,263.3858589,213.4151127,Massachusetts
1268,MA,2008,Annual,141,54,80,58,,,0.76,9.1,,250.9721108,231.0540588,Massachusetts
1273,MA,2009,Annual,153,63,116,61,,,0.76,9.4,12.2,277.6139639,262.9835524,Massachusetts
1278,MA,2010,Annual,170,68,83,68,,,0.74,8.3,,289.1201748,257.5281453,Massachusetts
1283,MA,2011,Annual,168,64,68,144,,,0.76,9.9,12.7,322.3578072,292.3249351,Massachusetts
1288,MA,2012,Annual,171,67,86,246,691,,0.8,10.4,12.7,356.3884122,338.6406277,Massachusetts
1293,MA,2013,Annual,179,98,94,288,,,,13.3,16,366.9665056,376.1374437,Massachusetts
1298,MA,2014,Annual,178,453,88,469,,,,,,393.6626803,450.1655101,Massachusetts
1303,MA,2015,Annual,,949,82,634,,,,,,398.4893681,546.4387143,Massachusetts
1308,MA,2016,Annual,,1550,95,630,,,,,,452.4676551,570.3333527,Massachusetts
1313,MA,2017,Annual,254,1649,79,466,,,,,,463.7651314,527.1201672,Massachusetts
1318,MA,2018,Annual,253,1806,88,475,,,,,,,,Massachusetts
1325,MD,2005,Annual,90,21,145,79,495,,0.75,8.6,11.4,416.9199798,180.5282607,Maryland
1330,MD,2006,Annual,109,53,178,111,565,,0.74,9.7,13.2,428.6667784,169.7688457,Maryland
1335,MD,2007,Annual,132,35,201,129,,769,,10.3,13.2,415.3582447,159.90094,Maryland
1340,MD,2008,Annual,173,35,154,105,,,0.74,8.7,11.8,429.0330302,152.8497428,Maryland
1345,MD,2009,Annual,192,52,136,156,,,0.79,9.9,,447.2123241,166.1255785,Maryland
1350,MD,2010,Annual,205,51,172,94,,650,,8.7,,439.2980235,175.0654568,Maryland
1355,MD,2011,Annual,238,56,167,103,,707,0.77,9.1,11.7,428.2692807,200.3294824,Maryland
1360,MD,2012,Annual,258,52,170,173,657,,0.79,10.9,13.7,421.4172964,230.009675,Maryland
1365,MD,2013,Annual,304,93,138,217,,,0.84,12.3,,427.044086,253.6514921,Maryland
1370,MD,2014,Annual,,230,153,313,,,,,17.4,403.7998079,300.7454776,Maryland
1375,MD,2015,Annual,,357,182,405,,1285,,,,412.4275961,351.3321077,Maryland
1380,MD,2016,Annual,,1091,197,650,,,,,,473.7885995,460.5983472,Maryland
1385,MD,2017,Annual,524,1542,241,522,,,,,36.3,460.3430674,500.3151076,Maryland
1390,MD,2018,Annual,425,1825,187,356,,,,,,438.5037943,516.2948941,Maryland
1397,ME,2005,Annual,37,,61,,116,163,0.71,9,12.4,,,Maine
1402,ME,2006,Annual,41,,47,,93,159,0.58,7.3,12,251.8785756,150.1959306,Maine
1407,ME,2007,Annual,53,,45,,,159,0.64,8.1,12.4,259.9161967,167.2015014,Maine
1412,ME,2008,Annual,46,15,50,,,162,0.65,8.2,,277.1273589,205.7757195,Maine
1417,ME,2009,Annual,75,16,40,,,173,0.66,8.7,12.7,292.4958588,273.2835629,Maine
1422,ME,2010,Annual,52,21,36,,,135,0.67,7.1,10.4,292.5565301,303.1031119,Maine
1427,ME,2011,Annual,40,19,32,,,156,0.54,6.7,11.8,317.5773428,290.0990196,Maine
1432,ME,2012,Annual,61,15,25,12,100,150,0.67,7.9,11.5,338.5637183,284.1969091,Maine
1437,ME,2013,Annual,64,23,34,16,,174,0.72,9.9,13.2,315.587887,290.5759083,Maine
1442,ME,2014,Annual,80,62,29,38,171,216,0.79,13.7,,300.4823969,324.3314003,Maine
1447,ME,2015,Annual,,116,36,52,,269,,,,297.1322894,396.7536829,Maine
1452,ME,2016,Annual,132,199,37,55,,353,,,,345.0575797,420.0929567,Maine
1457,ME,2017,Annual,75,278,30,76,,424,,,,322.604666,396.6931705,Maine
1462,ME,2018,Annual,56,229,18,71,,,,,,331.7440236,365.1360368,Maine
1469,MI,2005,Annual,151,88,126,151,483,,0.49,4.8,9.8,148.7660574,,Michigan
1474,MI,2006,Annual,169,199,148,149,594,,0.51,6,11.7,163.1784894,,Michigan
1479,MI,2007,Annual,182,71,153,114,,,0.41,5.1,12.2,166.0008828,,Michigan
1484,MI,2008,Annual,222,73,150,216,,,0.52,6.5,12.4,178.1078622,,Michigan
1489,MI,2009,Annual,212,93,179,250,,,0.52,7.5,14.5,189.1100576,,Michigan
1494,MI,2010,Annual,244,85,158,215,695,,0.5,7,,204.6984479,,Michigan
1499,MI,2011,Annual,221,89,147,267,,,0.52,7.5,14.3,219.742375,,Michigan
1504,MI,2012,Annual,274,72,130,263,685,,0.52,7.1,13.5,220.8733351,,Michigan
1509,MI,2013,Annual,283,86,163,421,,,,9.4,,229.724987,,Michigan
1514,MI,2014,Annual,328,178,146,525,,,0.6,10.9,18,229.5650176,,Michigan
1519,MI,2015,Annual,380,457,171,646,,,0.66,,20.4,260.7043097,,Michigan
1524,MI,2016,Annual,,921,149,727,,,0.75,,,335.740811,,Michigan
1529,MI,2017,Annual,,1368,148,783,,,0.75,,,342.7609945,,Michigan
1534,MI,2018,Annual,442,1531,134,633,,,,,,316.4184324,,Michigan
1541,MN,2005,Annual,62,19,35,,144,,0.51,2.8,5.4,155.0805378,58.63138311,Minnesota
1546,MN,2006,Annual,55,28,53,,158,311,0.51,3,5.9,149.6864476,59.53421563,Minnesota
1551,MN,2007,Annual,81,25,55,,,341,0.53,3.4,6.4,165.0126453,55.05055729,Minnesota
1556,MN,2008,Annual,90,32,60,,,,,4.3,,185.6615477,63.71154186,Minnesota
1561,MN,2009,Annual,110,39,78,16,,419,0.65,5.2,,204.8603342,73.18438593,Minnesota
1566,MN,2010,Annual,100,37,62,16,,397,,4.4,,194.2151031,83.98963903,Minnesota
1571,MN,2011,Annual,100,31,58,44,,,0.56,5.3,9.4,210.1791976,93.70769946,Minnesota
1576,MN,2012,Annual,108,40,67,46,290,,0.6,5.3,8.9,209.9596376,103.3681446,Minnesota
1581,MN,2013,Annual,111,33,76,92,,523,0.58,5.6,9.6,225.9693562,112.9803189,Minnesota
1586,MN,2014,Annual,,44,81,100,,,0.62,6,9.6,247.2285408,134.1163427,Minnesota
1591,MN,2015,Annual,,55,55,115,,,0.58,6.2,10.6,275.7750913,153.0240914,Minnesota
1596,MN,2016,Annual,,99,67,149,,,,,,334.861053,191.2321166,Minnesota
1601,MN,2017,Annual,,184,50,111,422,,0.58,7.8,13.3,363.171917,188.3678029,Minnesota
1606,MN,2018,Annual,105,202,44,93,343,,0.54,6.3,11.5,354.1537481,164.4130881,Minnesota
1613,MO,2005,Annual,139,47,85,52,302,,0.5,5.3,10.7,124.2864232,57.49966518,Missouri
1618,MO,2006,Annual,151,140,88,61,403,,0.54,7.1,13,137.9373958,65.10674188,Missouri
1623,MO,2007,Annual,172,70,89,67,,,0.55,6.7,,152.3100022,67.09928864,Missouri
1628,MO,2008,Annual,224,55,89,120,,765,0.62,8.2,,168.5394628,83.11767969,Missouri
1633,MO,2009,Annual,189,67,80,162,526,,,9,,194.5043936,95.56973677,Missouri
1638,MO,2010,Annual,248,92,78,183,,998,0.6,10.3,,215.3117409,115.8647138,Missouri
1643,MO,2011,Annual,222,66,73,250,,,0.62,10.2,16.4,237.223256,126.9568441,Missouri
1648,MO,2012,Annual,203,56,62,210,539,,0.57,9.3,16.2,250.6868567,136.0221915,Missouri
1653,MO,2013,Annual,237,97,54,261,,,0.6,10.7,,243.3787605,138.6794528,Missouri
1658,MO,2014,Annual,237,109,53,334,696,1067,0.65,12,,261.4094737,169.4380066,Missouri
1663,MO,2015,Annual,237,183,62,303,,,0.65,,,306.8451523,203.5167333,Missouri
1668,MO,2016,Annual,231,441,41,380,,,0.67,15.9,,353.9897641,256.6341407,Missouri
1673,MO,2017,Annual,,618,32,299,,,0.7,16.5,,345.6127624,245.8401504,Missouri
1678,MO,2018,Annual,231,868,40,351,,,0.7,,,324.9253876,238.1120122,Missouri
1685,MS,2005,Annual,15,,23,,40,248,0.16,1.4,8.8,,,Mississippi
1690,MS,2006,Annual,27,11,22,,65,,0.19,2.3,12.1,,,Mississippi
1695,MS,2007,Annual,45,22,31,,,,0.3,3.3,,,,Mississippi
1700,MS,2008,Annual,58,34,15,,106,303,0.35,3.7,10.5,,,Mississippi
1705,MS,2009,Annual,44,31,18,,,323,0.3,3.4,11.2,,,Mississippi
1710,MS,2010,Annual,53,25,21,,100,334,0.3,3.3,11.4,,,Mississippi
1715,MS,2011,Annual,48,18,14,,,302,0.26,2.9,10.7,,,Mississippi
1720,MS,2012,Annual,61,20,22,,111,310,0.36,3.9,10.7,,,Mississippi
1725,MS,2013,Annual,55,24,12,10,100,,,3.4,,168.0406271,,Mississippi
1730,MS,2014,Annual,,24,,23,,,,3.9,,223.5520376,,Mississippi
1735,MS,2015,Annual,73,35,12,38,,351,0.43,5.3,,166.1433826,,Mississippi
1740,MS,2016,Annual,,45,,33,,352,0.51,6.2,12.1,204.4015225,118.971731,Mississippi
1745,MS,2017,Annual,,81,,34,,,0.52,6.4,12.2,225.9216207,130.1055476,Mississippi
1750,MS,2018,Annual,85,72,12,39,,310,0.56,6.1,,199.0310536,115.808408,Mississippi
1757,MT,2005,Annual,19,,15,,45,96,0.47,4.7,10.1,,,Montana
1762,MT,2006,Annual,12,,27,,47,97,0.48,5.2,10.2,,,Montana
1767,MT,2007,Annual,25,,27,,62,125,0.5,6.3,12.8,,,Montana
1772,MT,2008,Annual,27,16,26,,70,134,0.52,7.6,14.1,,,Montana
1777,MT,2009,Annual,42,21,37,,,142,0.63,9.4,,171.5487075,,Montana
1782,MT,2010,Annual,33,10,12,,54,118,0.46,6.1,12.9,164.3857913,,Montana
1787,MT,2011,Annual,32,14,20,,,141,0.45,6.8,14.4,176.4469844,,Montana
1792,MT,2012,Annual,25,13,13,,51,118,0.43,5.3,,171.2896944,,Montana
1797,MT,2013,Annual,43,,14,,67,137,0.49,7.2,14.5,183.4447056,,Montana
1802,MT,2014,Annual,,14,16,,53,125,0.42,5.4,12.4,213.570884,131.6503898,Montana
1807,MT,2015,Annual,26,,,,,138,0.35,5,13.8,239.9447666,145.6874246,Montana
1812,MT,2016,Annual,12,14,,,,119,0.35,4.2,11.7,301.3983322,183.168546,Montana
1817,MT,2017,Annual,,,,,,119,,3.6,11.7,294.4105885,176.5427704,Montana
1822,MT,2018,Annual,23,11,,22,,125,0.51,6.2,12.2,267.8140009,153.4165439,Montana
1829,NC,2005,Annual,215,115,299,62,654,1000,0.65,7.5,11.4,95.11675257,,North Carolina
1834,NC,2006,Annual,245,105,337,57,696,,0.66,7.8,11.8,102.2452641,,North Carolina
1839,NC,2007,Annual,304,112,333,50,,,0.69,8.2,,111.1874309,72.35377432,North Carolina
1844,NC,2008,Annual,409,127,301,64,,,0.71,9.1,12.8,115.7536339,83.20376779,North Carolina
1849,NC,2009,Annual,426,169,249,76,,,0.72,9.1,12.6,128.7376218,114.9725198,North Carolina
1854,NC,2010,Annual,428,170,190,39,,,0.71,8.1,11.4,138.836205,102.2944717,North Carolina
1859,NC,2011,Annual,439,155,204,82,,,0.65,8.6,13,153.4057537,112.0765886,North Carolina
1864,NC,2012,Annual,410,141,184,152,833,,0.64,8.6,13.3,179.6203281,132.4466412,North Carolina
1869,NC,2013,Annual,397,116,164,189,,,0.66,8.7,12.9,208.47965,162.6388293,North Carolina
1874,NC,2014,Annual,,217,131,266,,,0.71,10,13.8,220.0033412,178.423133,North Carolina
1879,NC,2015,Annual,,300,108,393,,,0.75,11.9,,256.6969926,210.7104701,North Carolina
1884,NC,2016,Annual,,601,118,544,,,0.77,,,320.1038374,261.3332477,North Carolina
1889,NC,2017,Annual,,1285,103,537,,,,,,313.3786066,273.6048736,North Carolina
1894,NC,2018,Annual,422,1272,76,619,,,0.79,,,,,North Carolina
1901,ND,2005,Annual,,,,,,12,,,,,,North Dakota
1906,ND,2006,Annual,,,,,,14,,,,,,North Dakota
1911,ND,2007,Annual,,,,,,32,0.53,,4.8,,,North Dakota
1916,ND,2008,Annual,13,,,,,46,0.7,5.1,,,,North Dakota
1921,ND,2009,Annual,,,,,,27,0.63,,,,,North Dakota
1926,ND,2010,Annual,12,,,,18,23,,,,,,North Dakota
1931,ND,2011,Annual,,,,,10,16,0.63,,,156.6038479,86.90620674,North Dakota
1936,ND,2012,Annual,,,,,,21,,,,207.8134671,71.20782745,North Dakota
1941,ND,2013,Annual,,,,,,20,0.55,,,159.3484927,83.40788186,North Dakota
1946,ND,2014,Annual,17,10,,,,43,0.72,4.5,6.3,161.5275334,100.3317454,North Dakota
1951,ND,2015,Annual,15,,,,34,61,0.56,4.8,8.6,201.1188449,117.9787888,North Dakota
1956,ND,2016,Annual,17,15,,12,54,77,0.7,7.6,10.6,291.3711555,177.1715949,North Dakota
1961,ND,2017,Annual,18,12,,,,68,0.51,4.8,,284.0420916,165.7777046,North Dakota
1966,ND,2018,Annual,20,,,,,70,0.51,5.2,10.2,264.7325345,130.0345848,North Dakota
1973,NE,2005,Annual,25,,12,,43,86,0.5,2.5,5,53.65843589,29.31697638,Nebraska
1978,NE,2006,Annual,18,,10,,34,91,0.37,1.9,5.4,55.20405479,30.18160615,Nebraska
1983,NE,2007,Annual,23,,13,,,80,0.49,2.4,4.8,64.06119333,33.26468339,Nebraska
1988,NE,2008,Annual,14,,10,,29,94,0.31,,5.5,69.1125926,31.92119699,Nebraska
1993,NE,2009,Annual,35,11,19,,,106,0.62,3.7,5.9,72.75722555,34.25592777,Nebraska
1998,NE,2010,Annual,33,21,14,,,117,0.5,3.4,,87.83268875,40.92596548,Nebraska
2003,NE,2011,Annual,33,,18,,53,129,0.41,2.8,7.1,89.93407558,51.68756742,Nebraska
2008,NE,2012,Annual,27,10,22,,53,146,0.36,3,,91.31595671,53.45522438,Nebraska
2013,NE,2013,Annual,33,,,,,117,0.35,2.2,,90.98591805,53.27740076,Nebraska
2018,NE,2014,Annual,30,13,,,,125,0.45,,,78.55332723,52.75324957,Nebraska
2023,NE,2015,Annual,30,13,12,,55,126,0.44,3.1,,99.55950088,56.42372244,Nebraska
2028,NE,2016,Annual,,13,,,44,120,0.37,2.4,6.4,160.2316173,85.81740165,Nebraska
2033,NE,2017,Annual,32,25,,,59,152,0.39,3.1,8.1,168.4928942,80.83297069,Nebraska
2038,NE,2018,Annual,37,26,,,,138,0.46,3.3,,162.0291891,81.91553393,Nebraska
2045,NH,2005,Annual,23,11,51,,109,142,0.77,8.2,10.7,,,New Hampshire
2046,NH,2006,Annual,37,14,43,,104,149,0.7,7.9,11.2,,,New Hampshire
2047,NH,2007,Annual,54,16,65,,,186,,10.9,13.8,,,New Hampshire
2048,NH,2008,Annual,48,14,21,11,,126,0.75,7,9.4,,,New Hampshire
2049,NH,2009,Annual,45,22,45,24,,168,0.75,9.5,,,,New Hampshire
2050,NH,2010,Annual,61,22,31,13,116,160,0.73,8.9,11.8,,,New Hampshire
2051,NH,2011,Annual,65,27,31,42,,210,0.73,11.5,15.3,,,New Hampshire
2052,NH,2012,Annual,56,24,27,39,133,173,0.77,10.5,,,,New Hampshire
2053,NH,2013,Annual,62,30,14,67,,203,0.77,11.8,,,,New Hampshire
2054,NH,2014,Annual,81,151,29,98,,334,,,,,,New Hampshire
2055,NH,2015,Annual,,285,25,78,,422,,,,,,New Hampshire
2056,NH,2016,Annual,,363,29,34,,,,,,,,New Hampshire
2057,NH,2017,Annual,51,374,15,28,,,,,,,,New Hampshire
2058,NH,2018,Annual,34,386,,12,,452,,,,,,New Hampshire
2059,NJ,2005,Annual,126,25,77,168,435,,0.53,5,9.4,232.9064611,109.3948447,New Jersey
2064,NJ,2006,Annual,140,38,72,106,372,,0.44,4.3,9.7,231.8500549,118.4625642,New Jersey
2069,NJ,2007,Annual,134,33,78,103,,727,0.47,3.9,8.4,228.9439403,104.6913767,New Jersey
2074,NJ,2008,Annual,124,19,52,116,331,,0.47,3.8,8,240.3200283,126.7026279,New Jersey
2079,NJ,2009,Annual,14,,,19,55,263,,0.7,,252.7433116,144.8421478,New Jersey
2084,NJ,2010,Annual,173,35,47,97,,868,0.43,4.2,9.8,254.0900217,149.8613547,New Jersey
2089,NJ,2011,Annual,220,31,61,131,,,0.45,5.1,11.3,261.0526621,171.5839457,New Jersey
2094,NJ,2012,Annual,217,38,68,304,602,,0.49,6.8,13.7,276.3602877,208.2930432,New Jersey
2099,NJ,2013,Annual,231,57,67,383,,,0.52,7.6,14.5,280.3438568,206.1730263,New Jersey
2104,NJ,2014,Annual,245,111,50,424,,,0.58,8.2,,288.6805172,214.5472037,New Jersey
2109,NJ,2015,Annual,237,243,55,508,,,,9.8,,310.5051764,255.4731494,New Jersey
2114,NJ,2016,Annual,,689,84,850,,,0.69,16,,352.2288989,334.4299121,New Jersey
2119,NJ,2017,Annual,,1376,82,1085,,,0.73,,,351.4050054,386.2422038,New Jersey
2124,NJ,2018,Annual,412,2219,122,1287,,,,,,,,New Jersey
2131,NM,2005,Annual,130,12,28,45,211,,0.57,11.4,20.1,,,New Mexico
2136,NM,2006,Annual,165,24,56,21,243,418,0.58,12.5,21.8,,,New Mexico
2141,NM,2007,Annual,175,19,52,28,,,0.58,13.5,,,,New Mexico
2146,NM,2008,Annual,204,22,52,65,,518,0.63,,,124.4343039,,New Mexico
2151,NM,2009,Annual,119,24,21,48,,438,0.46,10.2,,172.2606908,,New Mexico
2156,NM,2010,Annual,114,20,29,21,,,0.4,9.5,,191.3892209,,New Mexico
2161,NM,2011,Annual,127,20,31,68,243,,0.46,11.9,26.3,211.5991854,,New Mexico
2166,NM,2012,Annual,179,37,35,104,319,,0.65,16.1,,205.5461483,,New Mexico
2171,NM,2013,Annual,209,23,28,89,,458,0.7,16,,207.8773372,,New Mexico
2176,NM,2014,Annual,223,66,45,139,,,0.73,,,215.4490651,,New Mexico
2181,NM,2015,Annual,,42,33,156,,,0.7,,,234.2212609,,New Mexico
2186,NM,2016,Annual,153,78,41,161,,500,0.7,,,314.4194874,,New Mexico
2191,NM,2017,Annual,144,75,33,144,,,0.67,,,354.3744352,,New Mexico
2196,NM,2018,Annual,133,105,52,130,,537,0.63,,,357.6070167,,New Mexico
2203,NV,2005,Annual,153,29,93,46,323,457,0.71,13.1,18.7,106.9419141,,Nevada
2208,NV,2006,Annual,174,27,108,36,343,,0.74,13.4,18,116.9125129,,Nevada
2213,NV,2007,Annual,187,23,124,42,,499,0.75,14.2,18.9,119.1408687,,Nevada
2218,NV,2008,Annual,214,27,112,31,,,0.76,14.7,,126.125634,,Nevada
2223,NV,2009,Annual,256,42,126,22,,,0.8,15.9,20.1,137.8150409,,Nevada
2228,NV,2010,Annual,300,39,99,19,,,0.76,15.8,,145.1462456,125.4818677,Nevada
2233,NV,2011,Annual,302,45,96,40,,,0.72,16.5,22.8,141.2420396,135.9017705,Nevada
2238,NV,2012,Annual,305,27,71,45,446,602,0.74,15.6,,149.5140514,143.6397146,Nevada
2243,NV,2013,Annual,242,26,70,48,,,0.65,13.7,,169.3529037,173.234962,Nevada
2248,NV,2014,Annual,224,32,64,64,375,,0.69,,,174.1091478,183.10978,Nevada
2253,NV,2015,Annual,,32,57,82,,619,0.68,,20.4,208.254267,231.3635207,Nevada
2258,NV,2016,Annual,,53,53,86,408,,,13.3,,254.5283589,298.6825486,Nevada
2263,NV,2017,Annual,,66,46,94,,,,13.3,,262.9049365,272.9529878,Nevada
2268,NV,2018,Annual,212,85,33,108,372,,0.54,11.5,,276.6670837,238.0021364,Nevada
2275,NY,2005,Annual,100,20,179,34,562,,0.6,2.9,4.8,369.8332181,81.04547023,New York
2280,NY,2006,Annual,281,137,310,111,1010,,0.6,5.2,8.6,363.1462526,98.96823886,New York
2285,NY,2007,Annual,394,113,295,195,,,0.6,5.2,8.6,338.3950755,95.22211316,New York
2290,NY,2008,Annual,466,121,277,219,,,0.66,5.6,8.5,337.0566807,97.6875252,New York
2295,NY,2009,Annual,455,177,238,251,,,0.66,5.4,8,350.3585701,107.6774278,New York
2300,NY,2010,Annual,526,173,263,193,,,0.69,5.4,,349.7218366,107.1942866,New York
2305,NY,2011,Annual,621,155,301,334,,,0.7,6.8,9.7,362.0383837,155.0375126,New York
2310,NY,2012,Annual,616,164,328,516,1530,,0.73,7.6,10.4,365.1117999,152.5528187,New York
2315,NY,2013,Annual,644,210,274,666,,,0.73,8.3,11.3,358.3952864,165.6269517,New York
2320,NY,2014,Annual,,294,231,825,,,0.76,8.6,11.3,360.5170524,185.8390609,New York
2325,NY,2015,Annual,,668,246,1058,,,0.79,10.8,13.6,379.5503673,219.3371681,New York
2330,NY,2016,Annual,,1641,289,1307,,,,,18,409.8273078,257.36188,New York
2335,NY,2017,Annual,,2238,283,1356,,,,16.1,,428.0519378,276.0707121,New York
2340,NY,2018,Annual,781,2195,266,1243,,,,,,,,New York
2347,OH,2005,Annual,206,102,158,134,560,1243,0.45,4.9,10.9,141.6425767,91.49105248,Ohio
2352,OH,2006,Annual,250,128,173,124,634,,0.42,5.6,13.2,153.4665412,97.48043696,Ohio
2357,OH,2007,Annual,284,109,194,156,,,0.44,6.2,,162.8416689,95.66456051,Ohio
2362,OH,2008,Annual,330,107,182,238,,,0.47,7.2,,173.4297211,119.9485437,Ohio
2367,OH,2009,Annual,289,91,122,214,,,0.54,5.9,10.9,192.1668359,139.5216789,Ohio
2372,OH,2010,Annual,516,175,175,355,,,,10,16.1,200.8503655,155.1558841,Ohio
2377,OH,2011,Annual,582,162,163,438,,,0.63,11.2,17.7,216.0931711,180.5760253,Ohio
2382,OH,2012,Annual,499,139,136,696,1355,,0.64,12.3,18.9,232.9278947,221.1413124,Ohio
2387,OH,2013,Annual,518,167,116,998,,,0.69,14.6,,248.306876,245.0995679,Ohio
2392,OH,2014,Annual,,590,107,1208,,,0.77,,,292.0121888,287.9274747,Ohio
2397,OH,2015,Annual,,1234,109,1444,,,,,,330.8078526,343.9772007,Ohio
2402,OH,2016,Annual,,2296,96,1478,,,,,,415.8421852,479.199834,Ohio
2407,OH,2017,Annual,,3523,106,1000,,,0.84,,,420.4927947,472.8737365,Ohio
2412,OH,2018,Annual,507,2783,71,721,,,,,,390.7086067,373.5247878,Ohio
2419,OK,2005,Annual,170,54,111,,313,,0.65,9,13.8,95.94848311,,Oklahoma
2424,OK,2006,Annual,208,45,151,,383,,0.68,11.1,16.2,105.5806459,,Oklahoma
2429,OK,2007,Annual,284,67,181,,,666,0.74,13.9,,113.9304743,,Oklahoma
2434,OK,2008,Annual,249,70,114,,,564,0.73,11.4,,125.0576132,,Oklahoma
2439,OK,2009,Annual,343,160,112,17,,,0.75,15.5,,132.4094319,,Oklahoma
2444,OK,2010,Annual,341,107,100,,,,0.71,13.9,,138.2931591,,Oklahoma
2449,OK,2011,Annual,349,83,75,14,483,,0.69,13,18.9,152.9372487,,Oklahoma
2454,OK,2012,Annual,380,107,77,26,531,,0.69,14.2,,161.9719576,,Oklahoma
2459,OK,2013,Annual,375,88,68,22,,,0.65,13.4,,153.7325063,,Oklahoma
2464,OK,2014,Annual,,73,67,26,,,0.65,13,,155.1376685,,Oklahoma
2469,OK,2015,Annual,277,93,62,36,,,,11.2,,165.8660622,,Oklahoma
2474,OK,2016,Annual,,98,46,53,,,0.55,11.6,,207.0511699,,Oklahoma
2479,OK,2017,Annual,,102,31,61,,,0.5,10.2,20.1,216.9639345,,Oklahoma
2484,OK,2018,Annual,154,79,21,84,,,0.43,7.8,,,,Oklahoma
2491,OR,2005,Annual,80,22,123,39,267,386,0.69,7.2,10.4,140.8159875,,Oregon
2496,OR,2006,Annual,122,27,145,60,359,,0.74,9.6,12.9,160.1588245,,Oregon
2501,OR,2007,Annual,94,18,138,110,,,0.71,9.4,13.2,168.945886,,Oregon
2506,OR,2008,Annual,92,22,134,93,,452,0.76,9,11.8,191.1435085,,Oregon
2511,OR,2009,Annual,127,30,114,117,,,0.73,9.5,12.9,191.6621424,,Oregon
2516,OR,2010,Annual,135,27,105,81,,503,0.66,8.5,12.9,194.8519432,,Oregon
2521,OR,2011,Annual,159,29,98,133,,532,0.74,10.1,13.5,225.0973128,,Oregon
2526,OR,2012,Annual,145,31,84,129,361,,0.74,9.2,,220.619668,,Oregon
2531,OR,2013,Annual,119,27,66,103,,455,0.66,7.5,11.3,254.2311507,,Oregon
2536,OR,2014,Annual,,33,59,124,,522,0.65,8.3,12.8,307.0135632,,Oregon
2541,OR,2015,Annual,,34,70,102,331,,0.66,7.9,12,359.5292967,259.1610096,Oregon
2546,OR,2016,Annual,128,43,46,114,,506,0.62,7.6,,388.7121675,291.7214322,Oregon
2551,OR,2017,Annual,124,85,38,124,,530,0.65,8.1,12.4,370.0188795,269.4272755,Oregon
2556,OR,2018,Annual,123,97,34,154,,,0.62,8,12.6,360.7612178,264.084739,Oregon
2563,PA,2005,Annual,157,72,114,138,504,,0.31,4.2,13.2,,,Pennsylvania
2568,PA,2006,Annual,140,93,98,94,418,,0.26,3.5,13.5,,,Pennsylvania
2573,PA,2007,Annual,214,83,124,86,,,0.28,4,,,,Pennsylvania
2578,PA,2008,Annual,260,99,111,158,,,0.33,4.9,14.9,186.9082386,,Pennsylvania
2583,PA,2009,Annual,292,105,103,175,,,0.33,5.2,15.2,179.401574,,Pennsylvania
2588,PA,2010,Annual,328,98,110,131,,,0.33,5.1,15.3,184.7677427,,Pennsylvania
2593,PA,2011,Annual,325,111,86,240,,,0.33,6.2,18.3,228.3653969,,Pennsylvania
2598,PA,2012,Annual,358,99,87,323,827,,0.35,6.8,,245.2542789,,Pennsylvania
2603,PA,2013,Annual,406,108,82,409,,,0.39,7.8,,266.1403495,,Pennsylvania
2608,PA,2014,Annual,,217,81,503,,,0.4,9,,285.081658,,Pennsylvania
2613,PA,2015,Annual,,429,89,663,,,0.42,11.2,26.3,316.6366193,,Pennsylvania
2618,PA,2016,Annual,,1309,113,926,,,0.48,,,362.2552672,,Pennsylvania
2623,PA,2017,Annual,564,1982,64,819,,,0.47,,,362.8521225,,Pennsylvania
2628,PA,2018,Annual,595,2430,118,845,,,0.65,,,342.0969446,,Pennsylvania
2635,RI,2005,Annual,24,10,25,,112,156,0.72,10.3,14.3,183.3493779,,Rhode Island
2640,RI,2006,Annual,33,,45,10,130,175,0.74,12.2,16.4,206.5607813,104.1059,Rhode Island
2645,RI,2007,Annual,17,,29,,,135,0.64,8,12.4,218.5893662,120.2334216,Rhode Island
2650,RI,2008,Annual,29,13,28,,133,185,0.72,12.5,,223.7678676,151.5271077,Rhode Island
2655,RI,2009,Annual,26,11,40,,,161,0.71,10.6,,244.1409031,174.6575668,Rhode Island
2660,RI,2010,Annual,45,12,25,,111,167,0.66,10.5,,271.6159427,167.7515364,Rhode Island
2665,RI,2011,Annual,62,,29,12,,190,0.75,13.3,17.7,317.2335713,187.96564,Rhode Island
2670,RI,2012,Annual,72,12,28,30,140,196,0.71,13.2,,321.6472595,227.8888883,Rhode Island
2675,RI,2013,Annual,80,32,28,65,,241,0.79,18.1,,317.8318436,253.7889654,Rhode Island
2680,RI,2014,Annual,70,82,24,66,,247,,,,377.4257807,298.2788889,Rhode Island
2685,RI,2015,Annual,,137,30,45,,310,,,,367.9507397,361.8673381,Rhode Island
2690,RI,2016,Annual,,182,29,25,,326,,,,443.6190382,444.3759059,Rhode Island
2695,RI,2017,Annual,,201,30,14,,,,,,447.5894234,456.8492426,Rhode Island
2700,RI,2018,Annual,58,213,33,24,267,,0.84,,,,,Rhode Island
2707,SC,2005,Annual,59,30,59,,149,,0.35,3.5,9.9,86.28031564,34.9565148,South Carolina
2712,SC,2006,Annual,115,41,69,,214,,0.39,4.9,12.7,90.74277001,47.43642167,South Carolina
2717,SC,2007,Annual,112,35,59,,,,0.37,4.5,12.1,98.09460365,48.12493577,South Carolina
2722,SC,2008,Annual,120,41,58,11,,565,0.39,4.8,,103.8862714,56.67424025,South Carolina
2727,SC,2009,Annual,126,56,58,19,,,0.39,5.2,13.3,107.4395813,70.42189939,South Carolina
2732,SC,2010,Annual,146,58,73,15,,,0.4,5.9,,120.2290824,68.97378294,South Carolina
2737,SC,2011,Annual,144,47,61,12,243,618,0.39,5.3,13.3,117.541962,86.78444351,South Carolina
2742,SC,2012,Annual,148,46,37,19,237,587,0.4,5.1,,122.160171,95.64426837,South Carolina
2747,SC,2013,Annual,144,50,50,32,,,0.4,5.4,13,132.2470429,92.45085489,South Carolina
2752,SC,2014,Annual,319,110,77,64,,,0.73,10.7,14.4,141.4856118,105.8321509,South Carolina
2757,SC,2015,Annual,,161,57,100,,,0.73,11.4,,153.628532,122.4722714,South Carolina
2762,SC,2016,Annual,342,237,56,115,,,0.71,13.1,,190.2185467,185.8320403,South Carolina
2767,SC,2017,Annual,312,404,45,153,,,0.74,15.5,,185.2042981,184.1792868,South Carolina
2772,SC,2018,Annual,330,510,58,183,,,0.74,,,168.7815385,183.0716134,South Carolina
2779,SD,2005,Annual,14,,,,22,40,0.55,3.1,5.5,55.1498391,22.86017189,South Dakota
2784,SD,2006,Annual,18,,,,23,37,0.62,3.3,5.1,58.04189041,24.40137245,South Dakota
2789,SD,2007,Annual,11,,,,,32,0.63,2.5,,67.11059979,33.75521857,South Dakota
2794,SD,2008,Annual,15,,,,,54,0.57,4.2,,75.79482767,34.84431774,South Dakota
2799,SD,2009,Annual,19,12,,,,49,0.71,4.6,,80.41786907,32.42528301,South Dakota
2804,SD,2010,Annual,20,,,,,45,0.71,4.5,6.3,100.9384163,45.83091289,South Dakota
2809,SD,2011,Annual,21,,,,34,57,0.6,4.5,7.1,97.87443545,41.44925699,South Dakota
2814,SD,2012,Annual,17,,,,24,42,0.57,3.1,5.5,108.3994907,53.89866103,South Dakota
2819,SD,2013,Annual,27,,,,34,55,0.62,4.4,,125.9383135,57.85390903,South Dakota
2824,SD,2014,Annual,20,,,,,63,0.52,4.1,,128.3294068,63.12433471,South Dakota
2829,SD,2015,Annual,10,,,,,65,0.42,3.5,8.4,141.4724757,69.33482962,South Dakota
2834,SD,2016,Annual,25,10,,,,69,,5,8.4,152.6743631,92.00999146,South Dakota
2839,SD,2017,Annual,14,14,,,,73,0.48,4,8.5,162.2070167,85.48873137,South Dakota
2844,SD,2018,Annual,,13,,,,57,0.49,3.5,,148.4333458,80.95178336,South Dakota
2851,TN,2005,Annual,223,79,134,12,447,872,0.51,7.5,14.5,133.8078132,82.80602701,Tennessee
2856,TN,2006,Annual,221,64,183,,470,,0.48,7.7,16,136.5606643,84.90733414,Tennessee
2861,TN,2007,Annual,236,84,159,,,,0.49,7.8,,157.886971,89.51758536,Tennessee
2866,TN,2008,Annual,266,98,118,,,,0.51,7.7,,176.5898921,95.83312238,Tennessee
2871,TN,2009,Annual,342,75,104,21,,,0.56,8.5,15.2,176.6075552,101.567718,Tennessee
2876,TN,2010,Annual,422,72,127,17,,,,10,16.9,186.2560065,109.1955208,Tennessee
2881,TN,2011,Annual,451,64,87,19,,,0.58,10.1,17.2,194.6114571,116.1144968,Tennessee
2886,TN,2012,Annual,491,77,104,50,723,1131,0.64,11.4,17.6,246.205631,140.4699235,Tennessee
2891,TN,2013,Annual,524,99,86,68,,1187,0.65,11.9,,245.1912009,156.984145,Tennessee
2896,TN,2014,Annual,,132,71,148,,,0.68,13.4,19.5,251.7804526,145.6224662,Tennessee
2901,TN,2015,Annual,,251,67,205,,,0.71,16,,335.4860418,199.6813157,Tennessee
2906,TN,2016,Annual,,395,83,260,,,0.73,18.1,,421.0551472,285.0787955,Tennessee
2911,TN,2017,Annual,,590,69,311,,,0.71,,,425.638442,284.6724038,Tennessee
2916,TN,2018,Annual,500,827,67,369,,,0.72,,,401.400416,245.5448353,Tennessee
2923,TX,2005,Annual,401,86,199,203,872,,0.46,3.9,8.5,69.35879431,,Texas
2928,TX,2006,Annual,564,111,223,212,1067,,0.49,4.6,9.5,75.60580533,,Texas
2933,TX,2007,Annual,515,118,195,214,,,0.47,4.3,9.3,80.34589862,,Texas
2938,TX,2008,Annual,440,86,173,250,,,0.46,3.9,8.5,78.26934123,,Texas
2943,TX,2009,Annual,534,166,177,305,1151,,0.48,4.6,9.8,85.245504,,Texas
2948,TX,2010,Annual,540,156,180,260,,,0.47,4.4,9.6,87.1332267,,Texas
2953,TX,2011,Annual,521,114,179,368,,,0.46,4.6,10.1,95.70433883,,Texas
2958,TX,2012,Annual,480,121,142,367,1131,,0.46,4.4,9.4,100.6548214,,Texas
2963,TX,2013,Annual,452,112,128,369,,,0.43,4,9.3,98.48845925,,Texas
2968,TX,2014,Annual,,157,116,425,1151,,0.44,4.3,9.7,98.57193484,,Texas
2973,TX,2015,Annual,,186,144,523,,,0.5,4.7,9.4,108.9148798,90.93821612,Texas
2978,TX,2016,Annual,,250,139,530,,,0.49,4.9,10.1,134.0961855,101.8297473,Texas
2983,TX,2017,Annual,,348,129,569,,,0.49,5.1,10.5,131.3772709,96.38418139,Texas
2988,TX,2018,Annual,459,358,111,668,,,0.47,4.8,10.4,,,Texas
2995,UT,2005,Annual,181,38,112,44,326,438,0.74,14.2,19.3,121.7375087,127.1586234,Utah
3000,UT,2006,Annual,192,38,109,46,331,,0.75,13.9,19.1,130.3963379,145.2373394,Utah
3005,UT,2007,Annual,238,33,87,51,359,,0.7,14.7,,132.3741427,142.4624151,Utah
3010,UT,2008,Annual,227,26,99,68,,468,0.75,,,128.6818638,158.3126538,Utah
3015,UT,2009,Annual,254,59,66,54,,,0.77,14.7,19.1,135.3873571,150.3125027,Utah
3020,UT,2010,Annual,222,50,62,55,,,,12.8,16.9,138.8212083,157.2478325,Utah
3025,UT,2011,Annual,280,56,75,73,,504,0.76,14.6,19.5,151.382948,151.1505272,Utah
3030,UT,2012,Annual,328,59,53,84,422,601,0.7,16.1,,157.4596309,158.2064726,Utah
3035,UT,2013,Annual,358,58,59,122,,594,0.73,15.9,,168.9269769,151.9059247,Utah
3040,UT,2014,Annual,,68,47,110,,603,0.75,,,204.4488897,173.1920218,Utah
3045,UT,2015,Annual,,62,45,127,,646,0.69,15.9,,266.1293451,214.1192716,Utah
3050,UT,2016,Annual,,72,40,166,,,0.73,,,315.2980675,257.5597255,Utah
3055,UT,2017,Annual,290,92,46,147,,650,0.7,15.5,,313.752006,244.6385573,Utah
3060,UT,2018,Annual,279,83,40,156,,,0.7,,,,,Utah
3067,VA,2005,Annual,156,42,121,61,363,,0.62,4.7,7.5,,,Virginia
3072,VA,2006,Annual,168,63,113,71,408,,0.65,5.3,8,92.99624978,,Virginia
3077,VA,2007,Annual,216,68,142,95,,,0.72,6.4,8.9,90.67525728,,Virginia
3082,VA,2008,Annual,216,89,139,87,,,0.68,6.2,9,99.57414362,,Virginia
3087,VA,2009,Annual,209,80,126,104,,685,0.7,5.9,8.5,120.7228248,,Virginia
3092,VA,2010,Annual,196,87,108,45,,,0.7,4.8,,125.9679441,,Virginia
3097,VA,2011,Annual,319,77,156,103,,,0.72,7.1,9.7,131.5472917,,Virginia
3102,VA,2012,Annual,276,89,104,121,533,,0.73,6.5,8.9,138.5328265,,Virginia
3107,VA,2013,Annual,297,125,96,206,,,0.75,7.6,10.2,157.0092237,,Virginia
3112,VA,2014,Annual,323,176,105,253,,,0.77,9.1,11.7,166.5533661,,Virginia
3117,VA,2015,Annual,276,270,67,353,,1039,0.79,9.9,12.4,200.2176534,,Virginia
3122,VA,2016,Annual,343,648,77,450,,,0.8,13.5,,237.8517172,,Virginia
3127,VA,2017,Annual,,829,83,556,,,,,,225.9680356,,Virginia
3132,VA,2018,Annual,252,852,93,532,,,,,,207.2254982,,Virginia
3139,VT,2005,Annual,17,,16,,37,53,0.7,6.1,8.5,110.6956015,120.8025912,Vermont
3144,VT,2006,Annual,24,15,27,,57,75,0.76,9.4,12.2,100.9570924,151.0356502,Vermont
3149,VT,2007,Annual,28,15,17,,,66,0.79,8.8,,124.0742338,140.5216547,Vermont
3154,VT,2008,Annual,32,14,17,,57,73,,8.6,10.9,141.8965561,146.051185,Vermont
3159,VT,2009,Annual,23,,13,,,55,0.71,6,,137.9254913,188.40172,Vermont
3164,VT,2010,Annual,27,,,,43,63,0.68,6.8,9.7,144.6768562,141.9440711,Vermont
3169,VT,2011,Annual,30,12,13,,55,83,0.66,9.1,12.9,166.8588894,169.889787,Vermont
3174,VT,2012,Annual,27,,17,10,55,70,0.79,8.6,10.9,182.9243163,180.0710774,Vermont
3179,VT,2013,Annual,37,17,14,20,70,93,0.75,11.6,,206.5463222,214.3615884,Vermont
3184,VT,2014,Annual,21,21,,33,,83,0.77,,,203.2595085,223.7293882,Vermont
3189,VT,2015,Annual,25,33,,33,,99,0.8,13.4,,256.4421522,249.9035152,Vermont
3194,VT,2016,Annual,23,53,13,45,,125,,,,283.0872145,273.6722508,Vermont
3199,VT,2017,Annual,27,77,14,41,,134,,,,264.6728829,226.1546674,Vermont
3204,VT,2018,Annual,20,106,,68,,153,,,,267.0755944,249.110149,Vermont
3211,WA,2005,Annual,232,54,269,54,603,850,0.71,9.2,13,144.2094757,,Washington
3216,WA,2006,Annual,263,51,337,54,661,,0.74,10,13.6,151.7123001,,Washington
3221,WA,2007,Annual,276,37,277,75,,,0.68,9.7,14.4,158.6732492,,Washington
3226,WA,2008,Annual,302,53,290,67,,1011,0.68,10.1,,164.7482582,,Washington
3231,WA,2009,Annual,329,71,262,67,,,0.72,10.2,14.3,195.6519408,,Washington
3236,WA,2010,Annual,293,65,229,60,,,0.69,8.9,,209.7935321,,Washington
3241,WA,2011,Annual,325,53,236,148,,,0.7,9.9,14.1,232.9006364,,Washington
3246,WA,2012,Annual,332,59,180,177,695,,0.71,9.7,13.7,256.2869783,,Washington
3251,WA,2013,Annual,269,59,156,205,,,0.66,8.9,,279.8522488,,Washington
3256,WA,2014,Annual,,62,115,289,673,,0.69,9.2,13.3,313.1843011,,Washington
3261,WA,2015,Annual,,65,111,303,,,0.63,9.3,14.7,353.0814225,,Washington
3266,WA,2016,Annual,292,93,122,283,,,0.64,9.4,14.5,388.6478301,,Washington
3271,WA,2017,Annual,250,143,119,306,,1169,0.63,9.6,15.2,395.435374,,Washington
3276,WA,2018,Annual,216,221,94,328,,,0.63,9.4,,372.49166,,Washington
3283,WI,2005,Annual,135,53,72,31,273,518,0.53,4.9,9.3,117.8179712,59.46709724,Wisconsin
3288,WI,2006,Annual,159,56,116,28,334,593,0.56,6,10.6,135.3731655,58.73335465,Wisconsin
3293,WI,2007,Annual,180,55,140,34,,,0.6,6.7,11.1,146.9734583,66.49703178,Wisconsin
3298,WI,2008,Annual,176,53,119,67,,,,6.6,10.6,172.3653777,75.97622653,Wisconsin
3303,WI,2009,Annual,191,76,94,75,,,0.63,6.9,10.9,178.6345346,93.0513583,Wisconsin
3308,WI,2010,Annual,228,66,85,92,,630,0.66,7.3,10.9,193.6699737,109.9324693,Wisconsin
3313,WI,2011,Annual,232,60,78,135,,,0.68,8.3,12.1,192.6271699,128.1466815,Wisconsin
3318,WI,2012,Annual,229,56,62,185,483,,0.7,8.6,12.2,200.9248425,130.6307208,Wisconsin
3323,WI,2013,Annual,277,81,76,232,,,0.7,10.6,,203.1602686,135.6300337,Wisconsin
3328,WI,2014,Annual,279,90,78,270,,,0.74,11.1,,212.8083366,156.8465183,Wisconsin
3333,WI,2015,Annual,249,112,73,287,,,0.71,11.2,,242.3078563,193.2327396,Wisconsin
3338,WI,2016,Annual,328,288,67,389,,,,15.8,19.3,287.8358213,242.5030127,Wisconsin
3343,WI,2017,Annual,,466,58,414,,,0.79,,,261.6179369,239.1996298,Wisconsin
3348,WI,2018,Annual,251,506,56,327,,,,,,215.1506488,202.9114482,Wisconsin
3355,WV,2005,Annual,54,42,60,,140,184,0.76,8.2,10.5,138.0608239,,West Virginia
3360,WV,2006,Annual,155,50,104,,285,362,0.79,16.1,20.4,163.8978692,,West Virginia
3365,WV,2007,Annual,177,80,93,21,,397,0.84,19,,173.223176,,West Virginia
3370,WV,2008,Annual,218,87,86,36,,459,,,,225.2024367,,West Virginia
3375,WV,2009,Annual,99,42,41,19,,226,,10.3,12.4,233.8069394,,West Virginia
3380,WV,2010,Annual,342,102,69,28,,,,25.6,,260.630111,,West Virginia
3385,WV,2011,Annual,442,99,59,34,,,,31.5,36.3,296.2789753,,West Virginia
3390,WV,2012,Annual,348,89,67,63,468,,0.84,27.1,,313.3226903,,West Virginia
3395,WV,2013,Annual,341,98,54,144,,,,27.9,,338.1146769,,West Virginia
3400,WV,2014,Annual,,122,35,163,,,,,,349.2798831,,West Virginia
3405,WV,2015,Annual,,217,29,194,,,,,,373.6947913,,West Virginia
3410,WV,2016,Annual,,435,27,235,,,,,,429.6120499,,West Virginia
3415,WV,2017,Annual,279,618,35,244,833,,,,,423.2853139,,West Virginia
3420,WV,2018,Annual,214,551,27,195,,,,,,430.6164389,,West Virginia
3427,WY,2005,Annual,,,,,10,26,0.38,,4.9,,,Wyoming
3432,WY,2006,Annual,,,,,14,55,0.25,,10.6,,,Wyoming
3437,WY,2007,Annual,,,,,,63,0.4,4.6,,71.33856798,,Wyoming
3442,WY,2008,Annual,19,11,,,40,74,0.54,7.6,,71.53606626,,Wyoming
3447,WY,2009,Annual,15,,10,,,60,0.53,5.7,,82.75366172,,Wyoming
3452,WY,2010,Annual,31,,,,47,85,0.55,8.5,,75.77584854,,Wyoming
3457,WY,2011,Annual,28,,,,43,85,0.51,7.5,15.2,69.3791665,,Wyoming
3462,WY,2012,Annual,26,,,,45,98,0.46,7.7,,77.76149929,,Wyoming
3467,WY,2013,Annual,33,,,,,98,0.49,8.6,17.2,89.48944916,,Wyoming
3472,WY,2014,Annual,28,12,,10,54,109,0.5,9.3,,96.66948037,98.83032453,Wyoming
3477,WY,2015,Annual,28,,,,,96,0.48,7.9,16.4,97.89377755,105.0320996,Wyoming
3482,WY,2016,Annual,26,,,,50,99,0.51,8.7,17.6,127.7134527,144.5511077,Wyoming
3487,WY,2017,Annual,30,17,,,47,69,0.68,8.7,12.2,127.6103039,131.2764301,Wyoming
3492,WY,2018,Annual,27,10,,,40,66,,6.8,11.1,,,Wyoming
