State,Year,TimeInterval,Opioid.Overdose.Deaths.by.natural.and.semisynthetic.opioid..e.g..oxycodone.,Opioid.Overdose.Deaths.by.Synthetic.Opioids..other.than.Methadone..e.g..fentanyl..tramadol.,Opioid.Overdose.Deaths.by.Methadone,Opioid.Overdose.Deaths.by.Heroin,Opioid.Overdose.Deaths,All.Drug.Overdose.Deaths,Opioid.Overdose.Deaths.as.a.Percent.of.All.Drug.Overdose.Deaths,Opioid.Overdose.Death.Rate.per.100.000.Population..Age.Adjusted.,All.Drug.Overdose.Death.Rate.per.100.000.Population..Age.Adjusted.,IPRate,EDRate,RATESOpioidOverdoseDeathsByNaturalAndSemisyntheticOpioid,RATESOpioidOverdoseDeathsBySyntheticOpioidsOtherThanMethadone,RATESOpioidOverdoseDeathsbyMethadone,RATESOpioidOverdoseDeathsByHeroin,IPvisitCount,EDvisitCount,name
AK,2005,Annual,,,,,18,79,0.23,,11.4,,,,,,,,,Alaska
AK,2006,Annual,14,,11,,29,76,0.38,4.1,11.1,,,1.971189655,,1.548791872,,,,Alaska
AK,2007,Annual,,,,,,72,,,10.1,,,,,,,,,Alaska
AK,2008,Annual,51,13,30,,,127,0.69,12.5,,,,7.180762315,1.830390394,4.223977833,,,,Alaska
AK,2009,Annual,60,22,21,,,131,0.69,12.5,,,,8.447955665,3.097583744,2.956784483,,,,Alaska
AK,2010,Annual,38,10,25,,62,83,0.75,8.7,,,,5.350371921,1.407992611,3.519981527,,,,Alaska
AK,2011,Annual,36,,17,12,,107,0.62,8.7,14.2,,,5.068773399,,2.393587438,1.689591133,,,Alaska
AK,2012,Annual,42,,10,23,81,129,0.63,10.8,17.4,,,5.913568966,,1.407992611,3.238383005,,,Alaska
AK,2013,Annual,38,12,,24,,105,0.66,9.2,14.4,,,5.350371921,1.689591133,,3.379182266,,,Alaska
AK,2014,Annual,40,14,12,25,,124,,10.6,,,,5.631970443,1.971189655,1.689591133,3.519981527,,,Alaska
AK,2015,Annual,51,14,10,37,,122,0.7,,16,199.0194345,,7.180762315,1.971189655,1.407992611,5.20957266,1413,,Alaska
AK,2016,Annual,45,,13,49,,128,0.73,12.5,,241.5916373,,6.335966749,,1.830390394,6.899163793,1716,,Alaska
AK,2017,Annual,47,37,,36,,147,0.69,13.9,,255.5705227,,6.617565271,5.20957266,,5.068773399,1815,,Alaska
AK,2018,Annual,34,18,,29,,110,0.62,8.8,,257.2209883,,4.787174877,2.5343867,,4.083178571,1827,,Alaska
AL,2005,Annual,24,11,47,,80,283,0.28,1.8,6.3,,,0.502119782,0.230138234,0.983317907,,,,Alabama
AL,2006,Annual,49,22,65,,124,,0.31,2.7,8.7,,,1.025161222,0.460276467,1.359907744,,,,Alabama
AL,2007,Annual,66,21,86,,165,,,3.6,11.1,,,1.380829401,0.43935481,1.799262553,,,,Alabama
AL,2008,Annual,73,19,101,,,,0.3,4.1,13,,,1.527281005,0.397511494,2.113087417,,,,Alabama
AL,2009,Annual,92,31,88,12,,630,0.33,4.5,13.6,,,1.924792499,0.648571386,1.841105869,0.251059891,,,Alabama
AL,2010,Annual,82,34,78,,,,,4.1,11.8,,,1.715575923,0.711336358,1.631889293,,,,Alabama
AL,2011,Annual,92,19,63,14,176,,,3.8,11.8,,,1.924792499,0.397511494,1.318064429,0.292903206,,,Alabama
AL,2012,Annual,62,16,55,35,165,562,0.29,3.6,12.1,,,1.297142771,0.334746522,1.150691168,0.732258016,,,Alabama
AL,2013,Annual,65,30,41,40,,,0.28,3.5,12.7,,,1.359907744,0.627649728,0.857787962,0.836866304,,,Alabama
AL,2014,Annual,90,47,44,122,,723,0.37,5.6,15.2,,,1.882949184,0.983317907,0.920552934,2.552442227,,,Alabama
AL,2015,Annual,87,70,40,111,,,0.38,6.1,,,,1.820184211,1.464516032,0.836866304,2.322303993,,,Alabama
AL,2016,Annual,94,157,34,126,343,,0.45,7.5,16.2,,,1.966635814,3.284700243,0.711336358,2.636128857,,,Alabama
AL,2017,Annual,141,198,30,125,422,,0.51,9,18,,,2.949953721,4.142488204,0.627649728,2.6152072,,,Alabama
AL,2018,Annual,126,147,32,137,,,0.49,8.3,,,,2.636128857,3.075483667,0.669493043,2.866267091,,,Alabama
AR,2005,Annual,60,26,53,,123,269,0.46,4.6,10.1,82.14192424,,2.057671032,0.891657447,1.817609412,,2395,,Arkansas
AR,2006,Annual,68,31,70,,140,285,0.49,5.1,10.5,84.5033918,,2.332027169,1.063130033,2.400616204,,2464,,Arkansas
AR,2007,Annual,87,27,63,,,301,0.49,5.4,10.9,87.96941873,,2.983622996,0.925951964,2.160554583,,2565,,Arkansas
AR,2008,Annual,110,43,89,,,,0.55,7.2,,101.8755069,,3.772396892,1.47466424,3.052212031,,2971,,Arkansas
AR,2009,Annual,124,59,70,,201,351,0.57,7.2,12.6,112.5463688,,4.252520133,2.023376515,2.400616204,,3282,,Arkansas
AR,2010,Annual,118,57,56,,,,0.54,6.8,,116.4112392,,4.046753029,1.95478748,1.920492963,,3394,,Arkansas
AR,2011,Annual,114,29,56,,169,355,0.48,6.2,12.6,128.857475,,3.909574961,0.994540999,1.920492963,,3757,,Arkansas
AR,2012,Annual,118,20,43,,169,,0.45,6,,132.7876585,,4.046753029,0.685890344,1.47466424,,3872,,Arkansas
AR,2013,Annual,111,31,42,,,319,0.51,5.6,11.1,128.0940879,65.24250668,3.806691409,1.063130033,1.440369722,,3735,1902,Arkansas
AR,2014,Annual,119,32,29,,,356,0.49,6.3,12.6,139.2807615,71.60215233,4.081047547,1.09742455,0.994540999,,4061,2088,Arkansas
AR,2015,Annual,144,44,37,,,,0.52,7.2,13.8,168.3532055,90.95780347,4.938410477,1.508958757,1.268897136,,4909,2652,Arkansas
AR,2016,Annual,114,38,32,13,169,401,0.42,5.9,,204.0235345,98.43587623,3.909574961,1.303191654,1.09742455,0.445828724,5949,2870,Arkansas
AR,2017,Annual,,68,17,15,,446,0.42,6.5,,207.8649923,105.5680428,,2.332027169,0.583006792,0.514417758,6061,3078,Arkansas
AR,2018,Annual,108,92,16,19,,,0.47,,,,,3.703807857,3.155095582,0.548712275,0.651595827,,,Arkansas
AZ,2005,Annual,171,35,87,32,375,,0.47,6.6,14.1,99.36492981,78.62995527,2.675211909,0.547557993,1.361072726,0.500624451,6351,5026,Arizona
AZ,2006,Annual,187,54,88,52,459,,0.52,7.8,14.9,102.5598265,82.15777877,2.925524134,0.844803761,1.37671724,0.813514733,6556,5252,Arizona
AZ,2007,Annual,218,38,81,51,,,0.49,7.7,,104.2976566,82.39582678,3.410504071,0.594491535,1.267205641,0.797870218,6667,5267,Arizona
AZ,2008,Annual,255,49,89,63,,,0.6,8.1,13.5,172.4532186,112.271249,3.989351092,0.76658119,1.392361754,0.985604387,11023,7176,Arizona
AZ,2009,Annual,312,55,105,84,,,0.6,9.8,16.1,176.5848383,119.5504771,4.881088395,0.860448275,1.642673979,1.314139183,11287,7642,Arizona
AZ,2010,Annual,327,68,106,90,,,0.57,9.9,,193.4311817,145.0296683,5.115756106,1.063826958,1.658318493,1.408006268,12364,9270,Arizona
AZ,2011,Annual,313,40,55,117,562,,0.52,8.8,16.9,219.5683844,180.0061139,4.896732909,0.625780563,0.860448275,1.830408148,14035,11506,Arizona
AZ,2012,Annual,326,36,50,101,526,,0.46,8.2,17.7,229.7016467,184.2467473,5.100111592,0.563202507,0.782225704,1.580095923,14683,11777,Arizona
AZ,2013,Annual,253,52,64,146,,,0.43,8.2,18.7,230.6557353,183.9811397,3.958062064,0.813514733,1.001248902,2.284099057,14744,11760,Arizona
AZ,2014,Annual,290,57,62,197,,,0.49,8.8,,247.0056266,214.8834716,4.536909085,0.891737303,0.969959873,3.081969275,15789,13735,Arizona
AZ,2015,Annual,,72,75,247,,,0.53,10.2,,276.7676218,238.9451376,,1.126405014,1.173338557,3.864194979,17691,15273,Arizona
AZ,2016,Annual,326,123,75,299,,,0.56,11.4,,355.587126,311.1495926,5.100111592,1.924275233,1.173338557,4.677709712,22729,19889,Arizona
AZ,2017,Annual,349,267,83,334,,,,13.5,,338.3931748,248.5417326,5.459935416,4.177085261,1.298494669,5.225267705,21630,15887,Arizona
AZ,2018,Annual,311,522,62,352,,,0.66,15.9,,323.9317155,258.6161753,4.865443881,8.166436353,0.969959873,5.506868959,20706,16531,Arizona
CA,2005,Annual,765,123,214,251,1372,,0.43,3.8,9,115.2903062,62.446231,2.053473194,0.330166278,0.574435638,0.67375395,42950,23264,California
CA,2006,Annual,820,154,276,274,1511,,0.43,4.1,9.6,111.2637902,64.38432033,2.201108521,0.413378917,0.740860917,0.73549236,41450,23986,California
CA,2007,Annual,917,138,312,291,,,0.43,4.5,10.5,115.0738482,68.23298638,2.461483554,0.370430458,0.83749495,0.781125097,42870,25419,California
CA,2008,Annual,1082,155,337,325,,,0.47,4.8,10.4,124.5602915,76.60138918,2.904389537,0.416063196,0.904601917,0.872390572,46404,28537,California
CA,2009,Annual,1147,201,426,352,,,0.49,5.2,10.7,129.5253832,87.3969448,3.078867651,0.539540016,1.14350272,0.944866097,48253,32559,California
CA,2010,Annual,1063,205,456,326,,,0.48,5,10.6,139.167018,96.63345411,2.853388242,0.55027713,1.22403108,0.875074851,51845,36000,California
CA,2011,Annual,1167,164,406,364,,,0.46,5,10.7,150.9074179,112.1298522,3.132553225,0.440221704,1.089817146,0.977077441,56219,41773,California
CA,2012,Annual,965,146,342,362,1719,,0.43,4.4,,160.9891663,137.8735026,2.59032893,0.391904688,0.91802331,0.971708884,59975,51363,California
CA,2013,Annual,1039,176,343,486,,,0.44,4.9,11.1,162.3058256,144.3105722,2.788965553,0.472433048,0.920707589,1.304559441,60465,53761,California
CA,2014,Annual,,194,337,561,,,0.45,5,11.1,168.3478314,156.4231119,,0.520750065,0.904601917,1.505880342,62716,58274,California
CA,2015,Annual,,229,291,593,,,0.43,4.9,11.3,186.0403602,168.4995036,,0.614699819,0.781125097,1.59177726,69307,62773,California
CA,2016,Annual,,355,281,587,,,0.43,4.9,11.2,214.2931371,183.3908262,,0.952918933,0.75428231,1.575671588,79833,68320,California
CA,2017,Annual,,536,253,715,,,0.45,5.3,11.7,215.9017226,178.3514875,,1.438773375,0.679122507,1.919259259,80432,66443,California
CA,2018,Annual,910,865,234,778,,,0.45,5.8,12.8,211.9320321,171.2312811,2.442693603,2.321901062,0.628121212,2.088368816,78953,63790,California
CO,2005,Annual,105,35,55,41,295,,0.49,6.2,12.7,110.9623464,,2.087808866,0.695936289,1.093614168,0.815239653,5581,,Colorado
CO,2006,Annual,123,27,62,39,326,,0.52,6.7,12.8,114.5566567,,2.445718958,0.536865137,1.232801426,0.775471865,5761,,Colorado
CO,2007,Annual,185,44,58,39,,,0.48,7,14.7,128.8690969,,3.678520384,0.874891335,1.15326585,0.775471865,6481,,Colorado
CO,2008,Annual,176,39,48,48,,,0.47,7,,131.378738,,3.499565338,0.775471865,0.95442691,0.95442691,6607,,Colorado
CO,2009,Annual,170,68,57,70,,769,0.52,7.7,,136.7598962,,3.380261974,1.35210479,1.133381956,1.391872578,6878,,Colorado
CO,2010,Annual,135,58,48,46,,654,0.46,5.9,12.7,151.8320718,,2.684325685,1.15326585,0.95442691,0.914659122,7636,,Colorado
CO,2011,Annual,198,78,61,79,418,,0.5,8,16.1,180.3651896,,3.937011005,1.550943729,1.212917532,1.570827623,9071,,Colorado
CO,2012,Annual,223,52,43,91,407,,0.5,7.7,,195.5483137,,4.434108354,1.033962486,0.855007441,1.809434351,9835,,Colorado
CO,2013,Annual,221,67,41,120,,,0.51,8,,175.6228173,,4.394340567,1.332220896,0.815239653,2.386067276,8832,,Colorado
CO,2014,Annual,,80,51,156,,,0.58,9.4,,186.1389647,,,1.590711517,1.014078592,3.101887459,9361,,Colorado
CO,2015,Annual,,64,34,159,495,,0.57,8.7,15.4,204.700138,,,1.272569214,0.676052395,3.161539141,10295,,Colorado
CO,2016,Annual,212,72,58,234,536,,0.57,9.5,,248.6524678,,4.215385521,1.431640366,1.15326585,4.652831188,12505,,Colorado
CO,2017,Annual,254,112,58,224,,,0.57,10,17.6,236.1114853,244.6851328,5.050509067,2.226996124,1.15326585,4.453992248,11875,12306,Colorado
CO,2018,Annual,222,134,55,233,,,0.57,9.5,,213.2322973,231.1564437,4.414224461,2.664441791,1.093614168,4.632947294,10724,11625,Colorado
CT,2005,Annual,28,10,35,74,163,295,0.55,4.7,8.5,212.1647704,185.4897929,0.783414664,0.279790951,0.97926833,2.07045304,7583,6630,Connecticut
CT,2006,Annual,38,11,59,87,224,407,0.55,6.4,11.5,223.2906548,169.3728699,1.063205615,0.307770047,1.650766613,2.434181277,7981,6054,Connecticut
CT,2007,Annual,33,22,57,118,,,0.56,7,12.2,226.1426336,161.1761021,0.92331014,0.615540093,1.594808423,3.301533226,8083,5761,Connecticut
CT,2008,Annual,38,16,47,109,,386,0.6,6.5,10.7,236.1889982,171.1204041,1.063205615,0.447665522,1.315017472,3.04972137,8442,6116,Connecticut
CT,2009,Annual,31,20,42,99,,393,0.55,6.2,,262.6826935,188.4088881,0.867351949,0.559581903,1.175121996,2.769930419,9389,6734,Connecticut
CT,2010,Annual,41,22,43,77,,363,,6.3,10.1,267.730792,182.0191219,1.147142901,0.615540093,1.203101091,2.154390326,9569,6506,Connecticut
CT,2011,Annual,44,13,32,85,,,0.52,6,11.2,273.43961,176.1944653,1.231080186,0.363728237,0.895331044,2.378223087,9773,6297,Connecticut
CT,2012,Annual,38,15,24,98,201,439,0.46,5.7,12.1,293.3896178,203.7674575,1.063205615,0.419686427,0.671498283,2.741951324,10486,7283,Connecticut
CT,2013,Annual,144,53,49,227,,582,0.75,12.3,16,317.2164617,234.6952121,4.0289897,1.482892042,1.370975662,6.351254597,11338,8388,Connecticut
CT,2014,Annual,157,94,50,299,,,0.84,,17.6,337.5480704,254.594312,4.392717937,2.630034943,1.398954757,8.365749447,12064,9099,Connecticut
CT,2015,Annual,,211,72,390,685,,,,,359.1114657,325.7382974,,5.903589074,2.01449485,10.9118471,12835,11642,Connecticut
CT,2016,Annual,206,500,72,450,,,,,,415.9024284,407.0065606,5.763693599,13.98954757,2.01449485,12.59059281,14865,14547,Connecticut
CT,2017,Annual,,686,95,425,,,,,,391.7554971,403.4769965,,19.19365927,2.658014038,11.89111543,14002,14421,Connecticut
CT,2018,Annual,161,767,76,338,,,,,,,,4.504634317,21.45996597,2.126411231,9.456934157,,,Connecticut
DC,2005,Annual,,,,,44,77,0.57,7.8,13.7,,,,,,,,,District Of Columbia
DC,2006,Annual,14,,12,,55,101,0.54,9.6,17.8,,,2.326651964,,1.994273112,,,,District Of Columbia
DC,2007,Annual,,,,,29,61,0.48,5.2,,,,,,,,,,District Of Columbia
DC,2008,Annual,,,,,,56,0.55,5.1,9.6,,,,,,,,,District Of Columbia
DC,2009,Annual,,,,,,26,0.5,,,,,,,,,,,District Of Columbia
DC,2010,Annual,,,,16,34,78,0.44,5.8,12.9,,,,,,2.659030817,,,District Of Columbia
DC,2011,Annual,11,,11,23,51,86,,8,13.5,,,1.828083686,,1.828083686,3.822356799,,,District Of Columbia
DC,2012,Annual,13,,,25,44,77,0.57,7.3,12.6,,,2.160462538,,,4.154735651,,,District Of Columbia
DC,2013,Annual,10,,,35,,102,,8.6,,368.0697402,,1.66189426,,,5.816629911,2215,,District Of Columbia
DC,2014,Annual,19,13,,37,,96,0.66,9.4,14.2,388.8446644,217.4393071,3.157599095,2.160462538,,6.149008763,2340,1308,District Of Columbia
DC,2015,Annual,21,26,,67,,125,,,,439.0551896,205.5837754,3.489977947,4.320925077,,11.13469154,2642,1237,District Of Columbia
DC,2016,Annual,52,129,21,122,,269,,,,527.9979702,311.2586401,8.641850154,21.43843596,3.489977947,20.27510998,3177,1873,District Of Columbia
DC,2017,Annual,39,182,24,127,,310,0.79,,,517.9654727,310.1549327,6.481387615,30.24647554,3.988546225,21.10605711,3117,1866,District Of Columbia
DC,2018,Annual,32,162,10,79,,254,0.75,,,432.2405657,249.5793807,5.318061633,26.92268702,1.66189426,13.12896466,2601,1502,District Of Columbia
DE,2005,Annual,10,,,,29,62,0.47,3.5,7.5,,,1.113667597,,,,,,Delaware
DE,2006,Annual,13,12,13,,37,78,0.47,4.5,9.4,,,1.447767876,1.336401116,1.447767876,,,,Delaware
DE,2007,Annual,12,,18,10,45,97,0.46,5.1,11.4,,,1.336401116,,2.004601675,1.113667597,,,Delaware
DE,2008,Annual,29,,18,,65,124,0.52,7.7,14.3,,,3.229636031,,2.004601675,,,,Delaware
DE,2009,Annual,41,19,21,,81,136,0.6,9.3,15.4,,,4.566037147,2.115968434,2.338701954,,,,Delaware
DE,2010,Annual,47,14,20,16,,145,0.71,12,,,,5.234237706,1.559134636,2.227335194,1.781868155,,,Delaware
DE,2011,Annual,64,13,23,15,,160,0.71,12.6,17.6,,,7.12747262,1.447767876,2.561435473,1.670501395,,,Delaware
DE,2012,Annual,37,17,11,20,82,141,0.58,9.2,15.2,,,4.120570109,1.893234915,1.225034357,2.227335194,,,Delaware
DE,2013,Annual,35,22,21,39,,166,0.68,12.8,18.7,,,3.897836589,2.450068713,2.338701954,4.343303628,,,Delaware
DE,2014,Annual,38,29,24,54,124,189,0.66,13.9,,,,4.231936868,3.229636031,2.672802233,6.013805024,,,Delaware
DE,2015,Annual,36,38,14,64,133,198,0.67,,,,,4.009203349,4.231936868,1.559134636,7.12747262,,,Delaware
DE,2016,Annual,31,79,11,56,,,0.55,,,271.3039963,,3.452369551,8.797974016,1.225034357,6.236538543,2436,,Delaware
DE,2017,Annual,64,178,15,121,,338,0.74,,,272.1170582,,7.12747262,19.82328323,1.670501395,13.47537792,2443,,Delaware
DE,2018,Annual,62,296,24,143,,401,,,,,,6.904739101,32.96456087,2.672802233,15.92544664,,,Delaware
FL,2005,Annual,496,144,430,108,1097,,0.46,6.3,13.5,103.4759048,53.08229446,2.638114046,0.765904078,2.287074677,0.574428058,19455,9980,Florida
FL,2006,Annual,583,131,516,87,1223,,0.47,6.9,14.4,115.8513857,55.93566061,3.10084776,0.69675996,2.744489613,0.462733714,21782,10517,Florida
FL,2007,Annual,769,137,568,78,,,0.53,8.2,15.4,131.6023536,55.8537958,4.090140527,0.72867263,3.021066085,0.414864709,24743,10501,Florida
FL,2008,Annual,858,132,463,108,,,0.5,8.2,16.2,148.3373638,71.52423129,4.563511798,0.702078738,2.462594362,0.574428058,27889,13447,Florida
FL,2009,Annual,1011,171,471,96,,,0.51,8.7,,168.6416185,82.46127776,5.377284881,0.909511093,2.505144588,0.510602719,31707,15504,Florida
FL,2010,Annual,1169,146,439,51,,,0.55,9.1,16.4,194.0093882,92.08449277,6.217651855,0.776541635,2.334943682,0.271257694,36476,17313,Florida
FL,2011,Annual,1062,138,458,62,,,0.54,8.4,15.4,213.8153303,95.17348534,5.648542575,0.733991408,2.43600047,0.329764256,40200,17894,Florida
FL,2012,Annual,850,162,337,101,1326,,0.51,6.9,13.3,216.446178,89.04723658,4.520961571,0.861642088,1.792428294,0.53719661,40695,16742,Florida
FL,2013,Annual,751,200,271,181,,,0.51,6.6,12.6,225.3677934,93.43960758,3.994402518,1.063755664,1.441388924,0.962698876,42372,17568,Florida
FL,2014,Annual,,343,227,344,,,0.53,7.2,13.2,234.8656544,109.1011643,,1.824340963,1.207362678,1.829659742,44158,20512,Florida
FL,2015,Annual,,610,210,567,,,0.57,9.4,16.2,284.4949575,140.1901551,,3.244454775,1.116943447,3.015747307,53489,26358,Florida
FL,2016,Annual,,1566,203,669,,,,,,367.7415569,217.376846,,8.329206848,1.079711999,3.558262696,69140,40870,Florida
FL,2017,Annual,,2126,175,707,,,0.64,,,375.4136217,237.9544049,,11.30772271,0.930786206,3.760376272,70583,44739,Florida
FL,2018,Annual,1150,2091,187,689,,,0.68,15.8,22.8,376.2281293,205.2813873,6.116595067,11.12156547,0.994611546,3.664638262,70736,38596,Florida
GA,2005,Annual,122,47,123,,300,,0.41,3.3,8.2,45.82795386,37.33689688,1.259334949,0.485153628,1.269657367,,4440,3617,Georgia
GA,2006,Annual,130,57,137,,331,,0.4,3.6,8.9,48.68531698,40.81506336,1.34191429,0.588377804,1.414171214,,4716,3954,Georgia
GA,2007,Annual,139,65,168,11,,,0.42,4.1,9.7,51.32049886,42.91458064,1.434816049,0.670957145,1.73416616,0.113546594,4972,4157,Georgia
GA,2008,Annual,193,57,138,23,,,0.43,4.2,9.7,61.84513863,48.44416567,1.9922266,0.588377804,1.424493631,0.237415605,5991,4693,Georgia
GA,2009,Annual,252,83,165,21,,,0.49,5,,59.81166944,51.50352133,2.60124924,0.856760662,1.703198907,0.21677077,5794,4989,Georgia
GA,2010,Annual,305,103,150,10,,,0.51,5.4,10.7,76.19252711,61.23973953,3.148337373,1.063209015,1.548362643,0.103224176,7381,5933,Georgia
GA,2011,Annual,327,86,141,30,,1058,0.51,5.4,10.7,84.65628912,71.27518772,3.375430561,0.887727915,1.455460884,0.309672529,8201,6905,Georgia
GA,2012,Annual,300,61,161,40,536,,0.51,5.4,10.6,90.65614525,78.48637588,3.096725285,0.629667475,1.661909236,0.412896705,8782,7603,Georgia
GA,2013,Annual,309,80,110,67,,,0.48,5.3,,90.06789793,79.175817,3.189627044,0.825793409,1.135465938,0.69160198,8725,7670,Georgia
GA,2014,Annual,,174,124,153,,,,7,,93.65369902,84.75142751,,1.796100665,1.279979785,1.579329895,9073,8210,Georgia
GA,2015,Annual,,284,115,222,,,0.66,8.4,12.7,112.1256889,104.4733983,,2.931566603,1.187078026,2.291576711,10862,10121,Georgia
GA,2016,Annual,455,277,115,226,,,0.66,8.8,13.3,118.28688,119.4459508,4.696700016,2.85930968,1.187078026,2.332866382,11459,11572,Georgia
GA,2017,Annual,,419,83,263,,,0.66,9.7,14.7,124.0894738,131.0814649,,4.325092982,0.856760662,2.714795833,12021,12699,Georgia
GA,2018,Annual,395,349,84,299,,,0.62,8.3,13.2,119.6828625,124.8594288,4.077354959,3.602523749,0.86708308,3.086402868,11594,12096,Georgia
HI,2005,Annual,39,,18,,67,126,0.53,5,9.4,70.99212382,51.4844256,2.867012521,,1.323236548,,966,700,Hawaii
HI,2006,Annual,30,,19,,54,86,0.63,4,6.4,70.35819344,61.76016055,2.205394247,,1.39674969,,957,840,Hawaii
HI,2007,Annual,49,,20,,,136,0.57,5.7,,82.47820656,66.88485463,3.602143937,,1.470262832,,1122,910,Hawaii
HI,2008,Annual,34,,10,,53,123,0.43,3.9,9,103.026021,67.53436416,2.499446814,,0.735131416,,1401,919,Hawaii
HI,2009,Annual,35,,20,,57,136,0.42,4.1,9.6,110.7573304,72.56839945,2.572959955,,1.470262832,,1507,987,Hawaii
HI,2010,Annual,40,,14,,,151,0.49,5.3,10.9,114.598959,84.85871485,2.940525663,,1.029183982,,1559,1154,Hawaii
HI,2011,Annual,47,,19,,,180,0.43,5.4,12.4,120.546831,99.49328182,3.455117654,,1.39674969,,1640,1353,Hawaii
HI,2012,Annual,35,,16,,62,155,0.4,4.5,,119.7041306,101.9459578,2.572959955,,1.176210265,,1628,1387,Hawaii
HI,2013,Annual,39,,17,10,,158,0.44,4.7,,142.6563012,94.85702459,2.867012521,,1.249723407,0.735131416,1941,1290,Hawaii
HI,2014,Annual,35,,10,12,59,157,0.38,3.9,10.9,141.5201679,112.2604556,2.572959955,,0.735131416,0.882157699,1925,1527,Hawaii
HI,2015,Annual,37,13,,15,62,169,0.37,4.1,11.3,160.1863734,117.8169736,2.719986238,0.95567084,,1.102697124,2179,1603,Hawaii
HI,2016,Annual,44,,15,20,,191,0.4,5.2,12.8,170.6973972,135.9974093,3.234578229,,1.102697124,1.470262832,2322,1850,Hawaii
HI,2017,Annual,33,,,10,53,203,0.26,3.4,13.8,161.8774688,,2.425933672,,,0.735131416,2202,,Hawaii
HI,2018,Annual,27,14,,16,59,213,0.28,4.1,14.3,153.1171363,,1.984854823,1.029183982,,1.176210265,2083,,Hawaii
IA,2005,Annual,33,,21,,67,141,0.48,2.4,4.8,42.8299252,25.64328076,1.0832618,,0.689348418,,1305,781,Iowa
IA,2006,Annual,51,16,22,,93,187,0.5,3.3,6.6,49.89252509,28.87549003,1.674131872,0.525217842,0.722174533,,1520,880,Iowa
IA,2007,Annual,53,18,37,,,203,0.53,3.6,,57.55442012,35.92120277,1.739784103,0.590870073,1.21456626,,1753,1094,Iowa
IA,2008,Annual,78,25,27,10,,209,,4.4,,61.07136097,44.45226104,2.560436981,0.820652879,0.886305109,0.328261151,1860,1354,Iowa
IA,2009,Annual,83,35,31,,,,0.68,4.9,7.1,65.24098376,53.48217337,2.724567557,1.14891403,1.017609569,,1987,1629,Iowa
IA,2010,Annual,75,43,39,,,253,0.58,5.1,8.6,63.68927428,35.17304502,2.461958636,1.411522951,1.280218491,,1940,1071,Iowa
IA,2011,Annual,88,29,37,14,172,250,0.69,5.9,8.4,68.75341099,36.30730186,2.888698133,0.951957339,1.21456626,0.459565612,2094,1106,Iowa
IA,2012,Annual,100,36,41,14,171,,0.66,5.9,8.7,71.91120783,41.49946627,3.282611514,1.181740145,1.345870721,0.459565612,2191,1264,Iowa
IA,2013,Annual,106,32,24,31,,,0.65,6.1,9.3,71.91889566,40.61634244,3.479568205,1.050435685,0.787826763,1.017609569,2191,1237,Iowa
IA,2014,Annual,81,29,16,37,158,,0.6,5.3,8.8,72.73305745,45.12658752,2.658915327,0.951957339,0.525217842,1.21456626,2216,1375,Iowa
IA,2015,Annual,75,44,24,45,,309,0.55,5.8,,95.79820169,54.26344129,2.461958636,1.444349066,0.787826763,1.477175181,2918,1653,Iowa
IA,2016,Annual,82,58,13,47,,,0.58,6.2,10.6,123.4284966,75.06557452,2.691741442,1.903914678,0.426739497,1.542827412,3760,2287,Iowa
IA,2017,Annual,,92,16,61,,341,0.6,6.9,11.5,146.6031935,109.4389506,,3.020002593,0.525217842,2.002393024,4466,3334,Iowa
IA,2018,Annual,54,80,10,37,,287,0.5,4.8,9.6,129.5189525,92.41051693,1.772610218,2.626089212,0.328261151,1.21456626,3946,2815,Iowa
ID,2005,Annual,25,,13,,50,109,0.46,3.7,8.1,,,1.594812903,,0.82930271,,,,Idaho
ID,2006,Annual,30,,35,,70,130,0.54,5,9.3,,,1.913775484,,2.232738064,,,,Idaho
ID,2007,Annual,32,10,23,,62,126,0.49,4.3,8.6,,,2.041360516,0.637925161,1.467227871,,,,Idaho
ID,2008,Annual,47,,18,,,146,0.49,4.8,9.8,,,2.998248258,,1.14826529,,,,Idaho
ID,2009,Annual,35,11,16,,62,171,0.36,4.2,,,,2.232738064,0.701717677,1.020680258,,,,Idaho
ID,2010,Annual,42,14,26,,,178,0.44,5.3,11.8,,,2.679285677,0.893095226,1.658605419,,,,Idaho
ID,2011,Annual,45,,22,,,193,0.4,5.1,12.9,,,2.870663225,,1.403435355,,,,Idaho
ID,2012,Annual,33,11,12,,59,181,0.33,3.9,,,,2.105153032,0.701717677,0.765510193,,,,Idaho
ID,2013,Annual,51,14,11,,,,0.37,4.8,,,,3.253418322,0.893095226,0.701717677,,,,Idaho
ID,2014,Annual,42,13,18,11,,212,0.37,5,13.7,,,2.679285677,0.82930271,1.14826529,0.701717677,,,Idaho
ID,2015,Annual,51,16,12,16,,218,0.41,6,14.2,,,3.253418322,1.020680258,0.765510193,1.020680258,,,Idaho
ID,2016,Annual,64,20,15,25,,243,0.49,,15.2,,,4.082721031,1.275850322,0.956887742,1.594812903,,,Idaho
ID,2017,Annual,55,22,14,23,,236,0.44,6.2,14.4,,,3.508588386,1.403435355,0.893095226,1.467227871,,,Idaho
ID,2018,Annual,68,28,10,29,120,250,0.48,7.1,,,,4.337891096,1.786190451,0.637925161,1.849982967,,,Idaho
IL,2005,Annual,96,59,81,49,590,1067,0.55,4.7,8.4,274.2904113,,0.748209441,0.459837052,0.631301716,0.381898569,35193,,Illinois
IL,2006,Annual,107,375,91,63,870,,0.64,6.9,10.9,277.3362137,,0.833941773,2.92269313,0.7092402,0.491012446,35584,,Illinois
IL,2007,Annual,144,101,98,63,691,,0.58,5.5,9.4,281.1724249,,1.122314162,0.787178683,0.763797138,0.491012446,36076,,Illinois
IL,2008,Annual,178,83,83,107,,,0.63,6.7,10.6,304.0833979,,1.387305006,0.646889413,0.646889413,0.833941773,39016,,Illinois
IL,2009,Annual,195,111,88,116,,,0.64,6.9,,324.3216881,92.54197488,1.519800428,0.865117166,0.685858655,0.904086408,41613,11874,Illinois
IL,2010,Annual,175,115,79,150,,,0.67,6.8,,331.374477,102.9340455,1.363923461,0.89629256,0.615714019,1.169077252,42517,13207,Illinois
IL,2011,Annual,165,86,84,168,,,0.64,7.1,10.9,345.8257948,116.630446,1.285984977,0.670270958,0.654683261,1.309366522,44372,14964,Illinois
IL,2012,Annual,175,84,105,269,1151,,0.71,8.9,,315.3664251,144.6769511,1.363923461,0.654683261,0.818354076,2.096545205,40464,18563,Illinois
IL,2013,Annual,185,87,92,583,,,0.68,8.3,12.1,256.989197,152.7302516,1.441861944,0.678064806,0.717034048,4.543813586,32973,19596,Illinois
IL,2014,Annual,253,127,106,711,,,0.71,9.4,,306.5646582,169.065113,1.971843632,0.98981874,0.826147925,5.541426174,39334,21692,Illinois
IL,2015,Annual,,278,99,844,,,0.75,10.7,14.1,327.0260885,182.1855446,,2.16668984,0.771590986,6.578008005,41960,23376,Illinois
IL,2016,Annual,,907,123,1040,,,,,18.9,362.8264305,231.2788699,,7.06902045,0.958643347,8.105602281,46553,29675,Illinois
IL,2017,Annual,,1251,155,1187,,,0.79,,,348.3458208,259.7145436,,9.750104282,1.208046494,9.251297988,44695,33323,Illinois
IL,2018,Annual,407,1568,155,1050,,,0.8,,,317.4160827,252.8664371,3.172096277,12.22075421,1.208046494,8.183540764,40726,32444,Illinois
IN,2005,Annual,59,26,51,15,160,610,0.26,2.6,9.8,114.2541981,55.00629571,0.909959928,0.40099929,0.786575531,0.231345744,7408,3566,Indiana
IN,2006,Annual,49,48,49,,176,,0.24,2.8,11.8,114.424045,59.62528696,0.755729432,0.740306382,0.755729432,,7419,3866,Indiana
IN,2007,Annual,81,51,79,18,,781,0.31,3.9,12.4,121.1310869,75.39977352,1.24926702,0.786575531,1.21842092,0.277614893,7854,4889,Indiana
IN,2008,Annual,109,54,84,56,,,0.37,5,13.2,132.7212192,91.94391013,1.681112409,0.83284468,1.295536168,0.863690779,8605,5961,Indiana
IN,2009,Annual,148,64,80,63,319,,0.36,5,,148.8889464,98.52146473,2.282611344,0.987075176,1.23384397,0.971652126,9654,6388,Indiana
IN,2010,Annual,140,49,62,56,,,0.31,4.5,14.4,157.1318022,116.9083814,2.159226947,0.755729432,0.956229077,0.863690779,10188,7580,Indiana
IN,2011,Annual,173,40,57,68,,,0.37,5.6,15.3,177.4433335,125.9211479,2.668187585,0.616921985,0.879113829,1.048767374,11505,8164,Indiana
IN,2012,Annual,136,43,46,114,375,1011,0.37,5.9,16,180.6651962,133.3801211,2.097534749,0.663191134,0.709460283,1.758227657,11714,8648,Indiana
IN,2013,Annual,111,34,34,160,,,,5.7,,192.5500414,138.5619801,1.711958508,0.524383687,0.524383687,2.46768794,12485,8984,Indiana
IN,2014,Annual,,83,37,173,,,0.39,7.3,,196.8551327,152.3269973,,1.280113119,0.570652836,2.668187585,12764,9877,Indiana
IN,2015,Annual,146,120,36,240,,,0.43,8.5,19.5,225.977877,205.9519007,2.251765245,1.850765955,0.555229786,3.70153191,14652,13354,Indiana
IN,2016,Annual,231,304,34,297,,,0.52,12.6,,285.5499912,288.5883226,3.562724463,4.688607086,0.524383687,4.580645738,18514,18711,Indiana
IN,2017,Annual,,649,49,327,,,0.63,,,294.1083234,288.7068832,,10.00955921,0.755729432,5.043337227,19069,18719,Indiana
IN,2018,Annual,323,713,55,311,,,0.68,,,,,4.981645029,10.99663438,0.848267729,4.796568433,,,Indiana
KS,2005,Annual,52,17,45,,106,241,0.44,4.1,9.1,86.75321252,40.19660338,1.822567451,0.595839359,1.577221832,,2475,1147,Kansas
KS,2006,Annual,62,19,44,,120,,0.47,4.5,9.5,92.24057124,36.40482109,2.173061191,0.665938107,1.542172458,,2632,1039,Kansas
KS,2007,Annual,57,19,45,,,270,0.43,4.4,,107.9592401,48.2699048,1.997814321,0.665938107,1.577221832,,3080,1377,Kansas
KS,2008,Annual,48,18,22,,,219,0.44,3.5,8,125.4410661,59.51417341,1.682369955,0.630888733,0.771086229,,3579,1698,Kansas
KS,2009,Annual,60,35,45,11,,304,0.49,5.5,11.1,127.2683467,73.48248658,2.102962443,1.226728092,1.577221832,0.385543115,3631,2097,Kansas
KS,2010,Annual,52,18,27,,104,269,0.39,3.8,9.6,127.6820923,77.51902446,1.822567451,0.630888733,0.946333099,,3643,2212,Kansas
KS,2011,Annual,70,23,27,,,280,0.42,4.3,10.1,121.9234083,83.50000031,2.453456184,0.806135603,0.946333099,,3479,2382,Kansas
KS,2012,Annual,88,44,33,16,171,,0.54,6.3,11.5,120.5982338,82.11011014,3.084344917,1.542172458,1.156629344,0.560789985,3441,2343,Kansas
KS,2013,Annual,88,37,30,12,158,331,0.48,5.7,12,110.2427451,83.0649202,3.084344917,1.29682684,1.051481222,0.420592489,3145,2370,Kansas
KS,2014,Annual,,39,34,19,,332,0.52,6,11.7,104.297011,81.84897302,,1.366925588,1.191678718,0.665938107,2976,2335,Kansas
KS,2015,Annual,,36,26,21,,329,0.46,5.4,11.8,118.4617521,81.03489643,,1.261777466,0.911283725,0.736036855,3380,2312,Kansas
KS,2016,Annual,83,27,10,32,,313,0.47,5.1,11.1,169.8089154,141.8721921,2.909098046,0.946333099,0.350493741,1.12157997,4845,4048,Kansas
KS,2017,Annual,,32,17,25,144,333,0.43,5.1,11.8,177.2853221,141.898172,,1.12157997,0.595839359,0.876234351,5058,4049,Kansas
KS,2018,Annual,73,50,14,33,,,0.45,5.7,12.4,180.303186,116.3270225,2.558604306,1.752468703,0.490691237,1.156629344,5144,3319,Kansas
KY,2005,Annual,128,31,156,,285,,0.45,6.8,15.3,166.2205915,,2.949738983,0.71438991,3.594994385,,7213,,Kentucky
KY,2006,Annual,169,50,170,,331,,0.45,8,17.4,185.469312,,3.894577251,1.15224179,3.917622086,,8048,,Kentucky
KY,2007,Annual,184,37,155,,343,,0.48,8.1,,194.4278047,,4.240249788,0.852658925,3.571949549,,8437,,Kentucky
KY,2008,Annual,229,44,126,12,,,0.48,8.7,,210.1293221,103.7251167,5.277267399,1.013972775,2.903649311,0.27653803,9118,4501,Kentucky
KY,2009,Annual,290,65,92,23,,769,0.56,10.2,18,225.6487692,132.6811189,6.683002383,1.497914327,2.120124894,0.530031223,9792,5758,Kentucky
KY,2010,Annual,436,53,118,37,,,,14.1,,242.7581367,139.4716068,10.04754841,1.221376298,2.719290625,0.852658925,10534,6052,Kentucky
KY,2011,Annual,469,76,103,55,,1058,0.63,15.8,25,260.0221818,150.9711069,10.80802799,1.751407521,2.373618088,1.267465969,11283,6551,Kentucky
KY,2012,Annual,391,70,79,143,673,,0.62,15.5,25,268.3292809,186.1399773,9.010530799,1.613138506,1.820542028,3.29541152,11644,8077,Kentucky
KY,2013,Annual,349,76,70,215,,,0.65,15.5,,268.018952,192.2601521,8.042647695,1.751407521,1.613138506,4.954639697,11630,8343,Kentucky
KY,2014,Annual,,179,59,228,,,0.68,,,280.3563669,219.7228145,,4.125025609,1.359645312,5.254222563,12166,9535,Kentucky
KY,2015,Annual,,323,60,310,,,0.7,,,346.9261906,278.6561454,,7.443481964,1.382690148,7.143899099,15054,12092,Kentucky
KY,2016,Annual,,465,48,311,,,0.7,,,411.0826256,374.9916923,,10.71584865,1.106152119,7.166943934,17838,16272,Kentucky
KY,2017,Annual,,780,49,269,,1566,0.74,27.9,,445.3632056,395.9227653,,17.97497193,1.129196954,6.199060831,19326,17181,Kentucky
KY,2018,Annual,290,744,37,140,,,0.75,,,443.2870155,322.6165443,6.683002383,17.14535784,0.852658925,3.226277012,19236,14000,Kentucky
LA,2005,Annual,54,,101,,172,661,0.26,3.8,14.7,,,1.191166311,,2.227922174,,,,Louisiana
LA,2006,Annual,61,14,117,14,194,,0.28,4.6,16.5,,,1.345576758,0.308820895,2.58086034,0.308820895,,,Louisiana
LA,2007,Annual,88,21,106,,,,0.26,4.9,,,,1.941159914,0.463231343,2.338215351,,,,Louisiana
LA,2008,Annual,59,10,47,14,130,,,2.9,14.9,156.6706547,,1.301459488,0.220586354,1.036755863,0.308820895,7102,,Louisiana
LA,2009,Annual,57,16,19,11,,,,2.8,,164.5079077,,1.257342217,0.352938166,0.419114072,0.242644989,7458,,Louisiana
LA,2010,Annual,68,21,18,14,123,,,2.8,13.2,161.0029532,,1.499987206,0.463231343,0.397055437,0.308820895,7299,,Louisiana
LA,2011,Annual,58,20,14,17,116,601,0.19,2.5,13.5,172.5071778,,1.279400852,0.441172708,0.308820895,0.374996801,7820,,Louisiana
LA,2012,Annual,75,19,26,51,169,,0.3,3.7,,152.8505947,,1.654397654,0.419114072,0.57352452,1.124990404,6929,,Louisiana
LA,2013,Annual,86,26,20,121,,,0.33,5.9,17.8,154.7101087,,1.897042643,0.57352452,0.441172708,2.669094881,7014,,Louisiana
LA,2014,Annual,,29,20,107,,,0.33,5.7,16.9,156.5405701,,,0.639700426,0.441172708,2.360273986,7097,,Louisiana
LA,2015,Annual,108,38,16,126,,,0.33,6.3,,204.4995525,,2.382332621,0.838228145,0.352938166,2.779388058,9271,,Louisiana
LA,2016,Annual,111,89,16,149,,,0.35,7.7,21.8,287.7106339,,2.448508527,1.963218549,0.352938166,3.286736672,13043,,Louisiana
LA,2017,Annual,161,156,10,162,,,0.37,9.3,,231.5082969,,3.551440297,3.44114712,0.220586354,3.573498932,10495,,Louisiana
LA,2018,Annual,135,216,16,167,,,0.39,10,,240.2884513,,2.977915777,4.764665243,0.352938166,3.683792109,10893,,Louisiana
MA,2005,Annual,90,38,93,20,557,780,0.71,8.6,12,245.2252498,213.3614715,1.374543365,0.580362754,1.420361477,0.305454081,16056,13970,Massachusetts
MA,2006,Annual,153,88,148,37,659,,0.68,10.1,14.7,259.0582163,210.1783237,2.336723721,1.343997957,2.260360201,0.56509005,16962,13762,Massachusetts
MA,2007,Annual,170,74,125,68,,,0.7,9.9,,263.3858589,213.4151127,2.59635969,1.1301801,1.909088007,1.038543876,17246,13974,Massachusetts
MA,2008,Annual,141,54,80,58,,,0.76,9.1,,250.9721108,231.0540588,2.153451272,0.824726019,1.221816325,0.885816835,16433,15129,Massachusetts
MA,2009,Annual,153,63,116,61,,,0.76,9.4,12.2,277.6139639,262.9835524,2.336723721,0.962180356,1.771633671,0.931634948,18177,17219,Massachusetts
MA,2010,Annual,170,68,83,68,,,0.74,8.3,,289.1201748,257.5281453,2.59635969,1.038543876,1.267634437,1.038543876,18931,16862,Massachusetts
MA,2011,Annual,168,64,68,144,,,0.76,9.9,12.7,322.3578072,292.3249351,2.565814282,0.97745306,1.038543876,2.199269384,21107,19140,Massachusetts
MA,2012,Annual,171,67,86,246,691,,0.8,10.4,12.7,356.3884122,338.6406277,2.611632394,1.023271172,1.313452549,3.757085198,23335,22173,Massachusetts
MA,2013,Annual,179,98,94,288,,,,13.3,16,366.9665056,376.1374437,2.733814026,1.496724998,1.435634181,4.398538769,24028,24628,Massachusetts
MA,2014,Annual,178,453,88,469,,,,,,393.6626803,450.1655101,2.718541322,6.918534938,1.343997957,7.162898203,25776,29475,Massachusetts
MA,2015,Annual,,949,82,634,,,,,,398.4893681,546.4387143,,14.49379615,1.252361733,9.682894373,26092,35779,Massachusetts
MA,2016,Annual,,1550,95,630,,,,,,452.4676551,570.3333527,,23.67269129,1.450906886,9.621803557,29626,37343,Massachusetts
MA,2017,Annual,254,1649,79,466,,,,,,463.7651314,527.1201672,3.879266831,25.18468899,1.206543621,7.117080091,30366,34514,Massachusetts
MA,2018,Annual,253,1806,88,475,,,,,,,,3.863994127,27.58250353,1.343997957,7.254534428,,,Massachusetts
MD,2005,Annual,90,21,145,79,495,,0.75,8.6,11.4,416.9199798,180.5282607,1.558832414,0.363727563,2.511452222,1.368308452,24071,10423,Maryland
MD,2006,Annual,109,53,178,111,565,,0.74,9.7,13.2,428.6667784,169.7688457,1.887919257,0.917979088,3.083024107,1.922559977,24749,9802,Maryland
MD,2007,Annual,132,35,201,129,,769,,10.3,13.2,415.3582447,159.90094,2.28628754,0.606212605,3.481392391,2.23432646,23981,9232,Maryland
MD,2008,Annual,173,35,154,105,,,0.74,8.7,11.8,429.0330302,152.8497428,2.996422306,0.606212605,2.667335464,1.818637816,24770,8825,Maryland
MD,2009,Annual,192,52,136,156,,,0.79,9.9,,447.2123241,166.1255785,3.325509149,0.900658728,2.355568981,2.701976184,25820,9591,Maryland
MD,2010,Annual,205,51,172,94,,650,,8.7,,439.2980235,175.0654568,3.550673831,0.883338368,2.979101946,1.628113854,25363,10107,Maryland
MD,2011,Annual,238,56,167,103,,707,0.77,9.1,11.7,428.2692807,200.3294824,4.122245716,0.969940169,2.892500145,1.783997096,24726,11566,Maryland
MD,2012,Annual,258,52,170,173,657,,0.79,10.9,13.7,421.4172964,230.009675,4.468652919,0.900658728,2.944461226,2.996422306,24331,13280,Maryland
MD,2013,Annual,304,93,138,217,,,0.84,12.3,,427.044086,253.6514921,5.265389486,1.610793494,2.390209701,3.758518153,24656,14645,Maryland
MD,2014,Annual,,230,153,313,,,,,17.4,403.7998079,300.7454776,,3.983682835,2.650015103,5.421272728,23314,17364,Maryland
MD,2015,Annual,,357,182,405,,1285,,,,412.4275961,351.3321077,,6.183368574,3.152305548,7.014745862,23812,20284,Maryland
MD,2016,Annual,,1091,197,650,,,,,,473.7885995,460.5983472,,18.89651293,3.41211095,11.2582341,27354,26593,Maryland
MD,2017,Annual,524,1542,241,522,,,,,36.3,460.3430674,500.3151076,9.07586872,26.70799536,4.174206797,9.041228,26578,28886,Maryland
MD,2018,Annual,425,1825,187,356,,,,,,438.5037943,516.2948941,7.361153065,31.60965728,3.238907349,6.166048214,25317,29809,Maryland
ME,2005,Annual,37,,61,,116,163,0.71,9,12.4,,,2.785387406,,4.592125183,,,,Maine
ME,2006,Annual,41,,47,,93,159,0.58,7.3,12,251.8785756,150.1959306,3.086510369,,3.538194813,,3346,1995,Maine
ME,2007,Annual,53,,45,,,159,0.64,8.1,12.4,259.9161967,167.2015014,3.989879257,,3.387633332,,3453,2221,Maine
ME,2008,Annual,46,15,50,,,162,0.65,8.2,,277.1273589,205.7757195,3.462914072,1.129211111,3.764037035,,3681,2733,Maine
ME,2009,Annual,75,16,40,,,173,0.66,8.7,12.7,292.4958588,273.2835629,5.646055553,1.204491851,3.011229628,,3885,3630,Maine
ME,2010,Annual,52,21,36,,,135,0.67,7.1,10.4,292.5565301,303.1031119,3.914598517,1.580895555,2.710106665,,3886,4026,Maine
ME,2011,Annual,40,19,32,,,156,0.54,6.7,11.8,317.5773428,290.0990196,3.011229628,1.430334073,2.408983702,,4219,3854,Maine
ME,2012,Annual,61,15,25,12,100,150,0.67,7.9,11.5,338.5637183,284.1969091,4.592125183,1.129211111,1.882018518,0.903368888,4497,3775,Maine
ME,2013,Annual,64,23,34,16,,174,0.72,9.9,13.2,315.587887,290.5759083,4.817967405,1.731457036,2.559545184,1.204491851,4192,3860,Maine
ME,2014,Annual,80,62,29,38,171,216,0.79,13.7,,300.4823969,324.3314003,6.022459256,4.667405924,2.18314148,2.860668147,3991,4308,Maine
ME,2015,Annual,,116,36,52,,269,,,,297.1322894,396.7536829,,8.732565921,2.710106665,3.914598517,3947,5270,Maine
ME,2016,Annual,132,199,37,55,,353,,,,345.0575797,420.0929567,9.937057773,14.9808674,2.785387406,4.140440739,4584,5580,Maine
ME,2017,Annual,75,278,30,76,,424,,,,322.604666,396.6931705,5.646055553,20.92804592,2.258422221,5.721336293,4285,5270,Maine
ME,2018,Annual,56,229,18,71,,,,,,331.7440236,365.1360368,4.215721479,17.23928962,1.355053333,5.34493259,4407,4850,Maine
MI,2005,Annual,151,88,126,151,483,,0.49,4.8,9.8,148.7660574,,1.527777216,0.890360232,1.274833968,1.527777216,14704,,Michigan
MI,2006,Annual,169,199,148,149,594,,0.51,6,11.7,163.1784894,,1.709896354,2.013428251,1.497424026,1.507541756,16128,,Michigan
MI,2007,Annual,182,71,153,114,,,0.41,5.1,12.2,166.0008828,,1.841426843,0.718358823,1.548012675,1.153421209,16407,,Michigan
MI,2008,Annual,222,73,150,216,,,0.52,6.5,12.4,178.1078622,,2.246136039,0.738594283,1.517659486,2.18542966,17604,,Michigan
MI,2009,Annual,212,93,179,250,,,0.52,7.5,14.5,189.1100576,,2.14495874,0.940948881,1.811073653,2.529432476,18691,,Michigan
MI,2010,Annual,244,85,158,215,695,,0.5,7,,204.6984479,,2.468726097,0.860007042,1.598601325,2.17531193,20232,,Michigan
MI,2011,Annual,221,89,147,267,,,0.52,7.5,14.3,219.742375,,2.236018309,0.900477962,1.487306296,2.701433885,21719,,Michigan
MI,2012,Annual,274,72,130,263,685,,0.52,7.1,13.5,220.8733351,,2.772257994,0.728476553,1.315304888,2.660962965,21830,,Michigan
MI,2013,Annual,283,86,163,421,,,,9.4,,229.724987,,2.863317563,0.870124772,1.649189975,4.25956429,22705,,Michigan
MI,2014,Annual,328,178,146,525,,,0.6,10.9,18,229.5650176,,3.318615409,1.800955923,1.477188566,5.3118082,22689,,Michigan
MI,2015,Annual,380,457,171,646,,,0.66,,20.4,260.7043097,,3.844737364,4.623802567,1.730131814,6.536053519,25767,,Michigan
MI,2016,Annual,,921,149,727,,,0.75,,,335.740811,,,9.318429243,1.507541756,7.355589641,33183,,Michigan
MI,2017,Annual,,1368,148,783,,,0.75,,,342.7609945,,,13.84105451,1.497424026,7.922182516,33877,,Michigan
MI,2018,Annual,442,1531,134,633,,,,,,316.4184324,,4.472036618,15.49024448,1.355775807,6.40452303,31274,,Michigan
MN,2005,Annual,62,19,35,,144,,0.51,2.8,5.4,155.0805378,58.63138311,1.168945639,0.358225277,0.659888667,,8225,3110,Minnesota
MN,2006,Annual,55,28,53,,158,311,0.51,3,5.9,149.6864476,59.53421563,1.036967906,0.527910934,0.999259982,,7939,3158,Minnesota
MN,2007,Annual,81,25,55,,,341,0.53,3.4,6.4,165.0126453,55.05055729,1.527170916,0.471349048,1.036967906,,8752,2920,Minnesota
MN,2008,Annual,90,32,60,,,,,4.3,,185.6615477,63.71154186,1.696856573,0.603326782,1.131237715,,9847,3379,Minnesota
MN,2009,Annual,110,39,78,16,,419,0.65,5.2,,204.8603342,73.18438593,2.073935812,0.735304515,1.47060903,0.301663391,10866,3882,Minnesota
MN,2010,Annual,100,37,62,16,,397,,4.4,,194.2151031,83.98963903,1.885396192,0.697596591,1.168945639,0.301663391,10301,4455,Minnesota
MN,2011,Annual,100,31,58,44,,,0.56,5.3,9.4,210.1791976,93.70769946,1.885396192,0.58447282,1.093529792,0.829574325,11148,4970,Minnesota
MN,2012,Annual,108,40,67,46,290,,0.6,5.3,8.9,209.9596376,103.3681446,2.036227888,0.754158477,1.263215449,0.867282249,11136,5483,Minnesota
MN,2013,Annual,111,33,76,92,,523,0.58,5.6,9.6,225.9693562,112.9803189,2.092789774,0.622180744,1.432901106,1.734564497,11985,5992,Minnesota
MN,2014,Annual,,44,81,100,,,0.62,6,9.6,247.2285408,134.1163427,,0.829574325,1.527170916,1.885396192,13113,7113,Minnesota
MN,2015,Annual,,55,55,115,,,0.58,6.2,10.6,275.7750913,153.0240914,,1.036967906,1.036967906,2.168205621,14627,8116,Minnesota
MN,2016,Annual,,99,67,149,,,,,,334.861053,191.2321166,,1.866542231,1.263215449,2.809240327,17761,10143,Minnesota
MN,2017,Annual,,184,50,111,422,,0.58,7.8,13.3,363.171917,188.3678029,,3.469128994,0.942698096,2.092789774,19262,9991,Minnesota
MN,2018,Annual,105,202,44,93,343,,0.54,6.3,11.5,354.1537481,164.4130881,1.979666002,3.808500309,0.829574325,1.753418459,18784,8720,Minnesota
MO,2005,Annual,139,47,85,52,302,,0.5,5.3,10.7,124.2864232,57.49966518,2.32094998,0.784781648,1.419285959,0.868269057,7443,3444,Missouri
MO,2006,Annual,151,140,88,61,403,,0.54,7.1,13,137.9373958,65.10674188,2.521319762,2.337647462,1.469378405,1.018546394,8261,3899,Missouri
MO,2007,Annual,172,70,89,67,,,0.55,6.7,,152.3100022,67.09928864,2.871966882,1.168823731,1.486075886,1.118731285,9122,4019,Missouri
MO,2008,Annual,224,55,89,120,,765,0.62,8.2,,168.5394628,83.11767969,3.740235939,0.918361503,1.486075886,2.003697824,10094,4978,Missouri
MO,2009,Annual,189,67,80,162,526,,,9,,194.5043936,95.56973677,3.155824073,1.118731285,1.33579855,2.704992063,11649,5724,Missouri
MO,2010,Annual,248,92,78,183,,998,0.6,10.3,,215.3117409,115.8647138,4.140975504,1.536168332,1.302403586,3.055639182,12895,6939,Missouri
MO,2011,Annual,222,66,73,250,,,0.62,10.2,16.4,237.223256,126.9568441,3.706840975,1.102033803,1.218916176,4.174370467,14207,7603,Missouri
MO,2012,Annual,203,56,62,210,539,,0.57,9.3,16.2,250.6868567,136.0221915,3.389588819,0.935058985,1.035243876,3.506471193,15013,8146,Missouri
MO,2013,Annual,237,97,54,261,,,0.6,10.7,,243.3787605,138.6794528,3.957303203,1.619655741,0.901664021,4.358042768,14576,8305,Missouri
MO,2014,Annual,237,109,53,334,696,1067,0.65,12,,261.4094737,169.4380066,3.957303203,1.820025524,0.884966539,5.576958944,15656,10148,Missouri
MO,2015,Annual,237,183,62,303,,,0.65,,,306.8451523,203.5167333,3.957303203,3.055639182,1.035243876,5.059337006,18377,12188,Missouri
MO,2016,Annual,231,441,41,380,,,0.67,15.9,,353.9897641,256.6341407,3.857118312,7.363589504,0.684596757,6.34504311,21200,15370,Missouri
MO,2017,Annual,,618,32,299,,,0.7,16.5,,345.6127624,245.8401504,,10.3190438,0.53431942,4.992547079,20698,14723,Missouri
MO,2018,Annual,231,868,40,351,,,0.7,,,324.9253876,238.1120122,3.857118312,14.49341426,0.667899275,5.860816136,19460,14260,Missouri
MS,2005,Annual,15,,23,,40,248,0.16,1.4,8.8,,,0.505510571,,0.775116208,,,,Mississippi
MS,2006,Annual,27,11,22,,65,,0.19,2.3,12.1,,,0.909919027,0.370707752,0.741415504,,,,Mississippi
MS,2007,Annual,45,22,31,,,,0.3,3.3,,,,1.516531712,0.741415504,1.044721846,,,,Mississippi
MS,2008,Annual,58,34,15,,106,303,0.35,3.7,10.5,,,1.954640873,1.14582396,0.505510571,,,,Mississippi
MS,2009,Annual,44,31,18,,,323,0.3,3.4,11.2,,,1.482831007,1.044721846,0.606612685,,,,Mississippi
MS,2010,Annual,53,25,21,,100,334,0.3,3.3,11.4,,,1.78613735,0.842517618,0.707714799,,,,Mississippi
MS,2011,Annual,48,18,14,,,302,0.26,2.9,10.7,,,1.617633826,0.606612685,0.471809866,,,,Mississippi
MS,2012,Annual,61,20,22,,111,310,0.36,3.9,10.7,,,2.055742988,0.674014094,0.741415504,,,,Mississippi
MS,2013,Annual,55,24,12,10,100,,,3.4,,168.0406271,,1.853538759,0.808816913,0.404408457,0.337007047,4986,,Mississippi
MS,2014,Annual,,24,,23,,,,3.9,,223.5520376,,,0.808816913,,0.775116208,6633,,Mississippi
MS,2015,Annual,73,35,12,38,,351,0.43,5.3,,166.1433826,,2.460151444,1.179524665,0.404408457,1.280626779,4930,,Mississippi
MS,2016,Annual,,45,,33,,352,0.51,6.2,12.1,204.4015225,118.971731,,1.516531712,,1.112123256,6065,3530,Mississippi
MS,2017,Annual,,81,,34,,,0.52,6.4,12.2,225.9216207,130.1055476,,2.729757082,,1.14582396,6704,3861,Mississippi
MS,2018,Annual,85,72,12,39,,310,0.56,6.1,,199.0310536,115.808408,2.864559901,2.42645074,0.404408457,1.314327484,5906,3436,Mississippi
MT,2005,Annual,19,,15,,45,96,0.47,4.7,10.1,,,1.920326658,,1.516047361,,,,Montana
MT,2006,Annual,12,,27,,47,97,0.48,5.2,10.2,,,1.212837889,,2.72888525,,,,Montana
MT,2007,Annual,25,,27,,62,125,0.5,6.3,12.8,,,2.526745602,,2.72888525,,,,Montana
MT,2008,Annual,27,16,26,,70,134,0.52,7.6,14.1,,,2.72888525,1.617117185,2.627815426,,,,Montana
MT,2009,Annual,42,21,37,,,142,0.63,9.4,,171.5487075,,4.244932612,2.122466306,3.739583491,,1697,,Montana
MT,2010,Annual,33,10,12,,54,118,0.46,6.1,12.9,164.3857913,,3.335304195,1.010698241,1.212837889,,1626,,Montana
MT,2011,Annual,32,14,20,,,141,0.45,6.8,14.4,176.4469844,,3.234234371,1.414977537,2.021396482,,1746,,Montana
MT,2012,Annual,25,13,13,,51,118,0.43,5.3,,171.2896944,,2.526745602,1.313907713,1.313907713,,1695,,Montana
MT,2013,Annual,43,,14,,67,137,0.49,7.2,14.5,183.4447056,,4.346002436,,1.414977537,,1815,,Montana
MT,2014,Annual,,14,16,,53,125,0.42,5.4,12.4,213.570884,131.6503898,,1.414977537,1.617117185,,2113,1303,Montana
MT,2015,Annual,26,,,,,138,0.35,5,13.8,239.9447666,145.6874246,2.627815426,,,,2374,1441,Montana
MT,2016,Annual,12,14,,,,119,0.35,4.2,11.7,301.3983322,183.168546,1.212837889,1.414977537,,,2982,1812,Montana
MT,2017,Annual,,,,,,119,,3.6,11.7,294.4105885,176.5427704,,,,,2913,1747,Montana
MT,2018,Annual,23,11,,22,,125,0.51,6.2,12.2,267.8140009,153.4165439,2.324605954,1.111768065,,2.22353613,2650,1518,Montana
NC,2005,Annual,215,115,299,62,654,1000,0.65,7.5,11.4,95.11675257,,2.254736336,1.206021761,3.135656579,0.650203036,9070,,North Carolina
NC,2006,Annual,245,105,337,57,696,,0.66,7.8,11.8,102.2452641,,2.569350708,1.101150304,3.534168117,0.597767308,9750,,North Carolina
NC,2007,Annual,304,112,333,50,,,0.69,8.2,,111.1874309,72.35377432,3.188092307,1.174560324,3.492219534,0.524357287,10602,6899,North Carolina
NC,2008,Annual,409,127,301,64,,,0.71,9.1,12.8,115.7536339,83.20376779,4.289242611,1.33186751,3.15663087,0.671177328,11038,7934,North Carolina
NC,2009,Annual,426,169,249,76,,,0.72,9.1,12.6,128.7376218,114.9725198,4.467524089,1.772327631,2.611299291,0.797023077,12276,10963,North Carolina
NC,2010,Annual,428,170,190,39,,,0.71,8.1,11.4,138.836205,102.2944717,4.48849838,1.782814777,1.992557692,0.408998684,13239,9754,North Carolina
NC,2011,Annual,439,155,204,82,,,0.65,8.6,13,153.4057537,112.0765886,4.603856983,1.625507591,2.139377733,0.859945951,14628,10687,North Carolina
NC,2012,Annual,410,141,184,152,833,,0.64,8.6,13.3,179.6203281,132.4466412,4.299729757,1.47868755,1.929634818,1.594046154,17128,12629,North Carolina
NC,2013,Annual,397,116,164,189,,,0.66,8.7,12.9,208.47965,162.6388293,4.163396862,1.216508907,1.719891903,1.982070546,19880,15508,North Carolina
NC,2014,Annual,,217,131,266,,,0.71,10,13.8,220.0033412,178.423133,,2.275710627,1.373816093,2.789580769,20978,17014,North Carolina
NC,2015,Annual,,300,108,393,,,0.75,11.9,,256.6969926,210.7104701,,3.146143724,1.132611741,4.121448279,24477,20092,North Carolina
NC,2016,Annual,,601,118,544,,,0.77,,,320.1038374,261.3332477,,6.302774595,1.237483198,5.705007287,30523,24919,North Carolina
NC,2017,Annual,,1285,103,537,,,,,,313.3786066,273.6048736,,13.47598229,1.080176012,5.631597267,29882,26090,North Carolina
NC,2018,Annual,422,1272,76,619,,,0.79,,,,,4.425575506,13.33964939,0.797023077,6.491543218,,,North Carolina
ND,2005,Annual,,,,,,12,,,,,,,,,,,,North Dakota
ND,2006,Annual,,,,,,14,,,,,,,,,,,,North Dakota
ND,2007,Annual,,,,,,32,0.53,,4.8,,,,,,,,,North Dakota
ND,2008,Annual,13,,,,,46,0.7,5.1,,,,1.93282396,,,,,,North Dakota
ND,2009,Annual,,,,,,27,0.63,,,,,,,,,,,North Dakota
ND,2010,Annual,12,,,,18,23,,,,,,1.784145194,,,,,,North Dakota
ND,2011,Annual,,,,,10,16,0.63,,,156.6038479,86.90620674,,,,,1053,585,North Dakota
ND,2012,Annual,,,,,,21,,,,207.8134671,71.20782745,,,,,1398,479,North Dakota
ND,2013,Annual,,,,,,20,0.55,,,159.3484927,83.40788186,,,,,1072,561,North Dakota
ND,2014,Annual,17,10,,,,43,0.72,4.5,6.3,161.5275334,100.3317454,2.527539024,1.486787661,,,1086,675,North Dakota
ND,2015,Annual,15,,,,34,61,0.56,4.8,8.6,201.1188449,117.9787888,2.230181492,,,,1353,794,North Dakota
ND,2016,Annual,17,15,,12,54,77,0.7,7.6,10.6,291.3711555,177.1715949,2.527539024,2.230181492,,1.784145194,1960,1192,North Dakota
ND,2017,Annual,18,12,,,,68,0.51,4.8,,284.0420916,165.7777046,2.676217791,1.784145194,,,1910,1115,North Dakota
ND,2018,Annual,20,,,,,70,0.51,5.2,10.2,264.7325345,130.0345848,2.973575323,,,,1781,875,North Dakota
NE,2005,Annual,25,,12,,43,86,0.5,2.5,5,53.65843589,29.31697638,1.368857185,,0.657051449,,980,535,Nebraska
NE,2006,Annual,18,,10,,34,91,0.37,1.9,5.4,55.20405479,30.18160615,0.985577173,,0.547542874,,1008,551,Nebraska
NE,2007,Annual,23,,13,,,80,0.49,2.4,4.8,64.06119333,33.26468339,1.25934861,,0.711805736,,1170,608,Nebraska
NE,2008,Annual,14,,10,,29,94,0.31,,5.5,69.1125926,31.92119699,0.766560024,,0.547542874,,1262,583,Nebraska
NE,2009,Annual,35,11,19,,,106,0.62,3.7,5.9,72.75722555,34.25592777,1.916400059,0.602297161,1.040331461,,1329,626,Nebraska
NE,2010,Annual,33,21,14,,,117,0.5,3.4,,87.83268875,40.92596548,1.806891484,1.149840035,0.766560024,,1604,747,Nebraska
NE,2011,Annual,33,,18,,53,129,0.41,2.8,7.1,89.93407558,51.68756742,1.806891484,,0.985577173,,1643,944,Nebraska
NE,2012,Annual,27,10,22,,53,146,0.36,3,,91.31595671,53.45522438,1.47836576,0.547542874,1.204594323,,1668,976,Nebraska
NE,2013,Annual,33,,,,,117,0.35,2.2,,90.98591805,53.27740076,1.806891484,,,,1662,973,Nebraska
NE,2014,Annual,30,13,,,,125,0.45,,,78.55332723,52.75324957,1.642628622,0.711805736,,,1435,963,Nebraska
NE,2015,Annual,30,13,12,,55,126,0.44,3.1,,99.55950088,56.42372244,1.642628622,0.711805736,0.657051449,,1818,1030,Nebraska
NE,2016,Annual,,13,,,44,120,0.37,2.4,6.4,160.2316173,85.81740165,,0.711805736,,,2926,1567,Nebraska
NE,2017,Annual,32,25,,,59,152,0.39,3.1,8.1,168.4928942,80.83297069,1.752137197,1.368857185,,,3077,1476,Nebraska
NE,2018,Annual,37,26,,,,138,0.46,3.3,,162.0291891,81.91553393,2.025908634,1.423611472,,,2959,1496,Nebraska
NH,2005,Annual,23,11,51,,109,142,0.77,8.2,10.7,,,1.747096402,0.835567844,3.873996369,,,,New Hampshire
NH,2006,Annual,37,14,43,,104,149,0.7,7.9,11.2,,,2.810546385,1.063449984,3.266310664,,,,New Hampshire
NH,2007,Annual,54,16,65,,,186,,10.9,13.8,,,4.101878508,1.21537141,4.937446353,,,,New Hampshire
NH,2008,Annual,48,14,21,11,,126,0.75,7,9.4,,,3.64611423,1.063449984,1.595174976,0.835567844,,,New Hampshire
NH,2009,Annual,45,22,45,24,,168,0.75,9.5,,,,3.41823209,1.671135689,3.41823209,1.823057115,,,New Hampshire
NH,2010,Annual,61,22,31,13,116,160,0.73,8.9,11.8,,,4.6336035,1.671135689,2.354782107,0.987489271,,,New Hampshire
NH,2011,Annual,65,27,31,42,,210,0.73,11.5,15.3,,,4.937446353,2.050939254,2.354782107,3.190349951,,,New Hampshire
NH,2012,Annual,56,24,27,39,133,173,0.77,10.5,,,,4.253799935,1.823057115,2.050939254,2.962467812,,,New Hampshire
NH,2013,Annual,62,30,14,67,,203,0.77,11.8,,,,4.709564213,2.278821394,1.063449984,5.089367779,,,New Hampshire
NH,2014,Annual,81,151,29,98,,334,,,,,,6.152817763,11.47006768,2.20286068,7.444149886,,,New Hampshire
NH,2015,Annual,,285,25,78,,422,,,,,,,21.64880324,1.899017828,5.924935623,,,New Hampshire
NH,2016,Annual,,363,29,34,,,,,,,,,27.57373886,2.20286068,2.582664246,,,New Hampshire
NH,2017,Annual,51,374,15,28,,,,,,,,3.873996369,28.40930671,1.139410697,2.126899967,,,New Hampshire
NH,2018,Annual,34,386,,12,,452,,,,,,2.582664246,29.32083526,,0.911528557,,,New Hampshire
NJ,2005,Annual,126,25,77,168,435,,0.53,5,9.4,232.9064611,109.3948447,1.433138298,0.284352837,0.875806737,1.910851063,20477,9618,New Jersey
NJ,2006,Annual,140,38,72,106,372,,0.44,4.3,9.7,231.8500549,118.4625642,1.592375886,0.432216312,0.81893617,1.205656028,20384,10415,New Jersey
NJ,2007,Annual,134,33,78,103,,727,0.47,3.9,8.4,228.9439403,104.6913767,1.524131205,0.375345745,0.887180851,1.171533688,20129,9204,New Jersey
NJ,2008,Annual,124,19,52,116,331,,0.47,3.8,8,240.3200283,126.7026279,1.410390071,0.216108156,0.591453901,1.319397163,21129,11140,New Jersey
NJ,2009,Annual,14,,,19,55,263,,0.7,,252.7433116,144.8421478,0.159237589,,,0.216108156,22221,12734,New Jersey
NJ,2010,Annual,173,35,47,97,,868,0.43,4.2,9.8,254.0900217,149.8613547,1.967721631,0.398093972,0.534583333,1.103289007,22339,13176,New Jersey
NJ,2011,Annual,220,31,61,131,,,0.45,5.1,11.3,261.0526621,171.5839457,2.502304964,0.352597518,0.693820922,1.490008865,22951,15085,New Jersey
NJ,2012,Annual,217,38,68,304,602,,0.49,6.8,13.7,276.3602877,208.2930432,2.468182624,0.432216312,0.773439716,3.457730496,24297,18313,New Jersey
NJ,2013,Annual,231,57,67,383,,,0.52,7.6,14.5,280.3438568,206.1730263,2.627420212,0.648324468,0.762065603,4.35628546,24648,18127,New Jersey
NJ,2014,Annual,245,111,50,424,,,0.58,8.2,,288.6805172,214.5472037,2.786657801,1.262526596,0.568705674,4.822624113,25380,18863,New Jersey
NJ,2015,Annual,237,243,55,508,,,,9.8,,310.5051764,255.4731494,2.695664893,2.763909574,0.625576241,5.778049644,27299,22461,New Jersey
NJ,2016,Annual,,689,84,850,,,0.69,16,,352.2288989,334.4299121,,7.836764183,0.955425532,9.667996452,30968,29403,New Jersey
NJ,2017,Annual,,1376,82,1085,,,0.73,,,351.4050054,386.2422038,,15.65078014,0.932677305,12.34091312,30895,33958,New Jersey
NJ,2018,Annual,412,2219,122,1287,,,,,,,,4.686134751,25.2391578,1.387641844,14.63848404,,,New Jersey
NM,2005,Annual,130,12,28,45,211,,0.57,11.4,20.1,,,6.313195696,0.582756526,1.359765227,2.185336972,,,New Mexico
NM,2006,Annual,165,24,56,21,243,418,0.58,12.5,21.8,,,8.012902229,1.165513052,2.719530454,1.01982392,,,New Mexico
NM,2007,Annual,175,19,52,28,,,0.58,13.5,,,,8.498532668,0.922697832,2.525278278,1.359765227,,,New Mexico
NM,2008,Annual,204,22,52,65,,518,0.63,,,124.4343039,,9.906860938,1.068386964,2.525278278,3.156597848,2562,,New Mexico
NM,2009,Annual,119,24,21,48,,438,0.46,10.2,,172.2606908,,5.779002214,1.165513052,1.01982392,2.331026103,3547,,New Mexico
NM,2010,Annual,114,20,29,21,,,0.4,9.5,,191.3892209,,5.536186995,0.971260876,1.408328271,1.01982392,3941,,New Mexico
NM,2011,Annual,127,20,31,68,243,,0.46,11.9,26.3,211.5991854,,6.167506565,0.971260876,1.505454358,3.302286979,4357,,New Mexico
NM,2012,Annual,179,37,35,104,319,,0.65,16.1,,205.5461483,,8.692784843,1.796832621,1.699706534,5.050556557,4233,,New Mexico
NM,2013,Annual,209,23,28,89,,458,0.7,16,,207.8773372,,10.14967616,1.116950008,1.359765227,4.3221109,4281,,New Mexico
NM,2014,Annual,223,66,45,139,,,0.73,,,215.4490651,,10.82955877,3.205160892,2.185336972,6.75026309,4436,,New Mexico
NM,2015,Annual,,42,33,156,,,0.7,,,234.2212609,,,2.03964784,1.602580446,7.575834835,4823,,New Mexico
NM,2016,Annual,153,78,41,161,,500,0.7,,,314.4194874,,7.430145704,3.787917418,1.991084796,7.818650054,6474,,New Mexico
NM,2017,Annual,144,75,33,144,,,0.67,,,354.3744352,,6.993078309,3.642228286,1.602580446,6.993078309,7297,,New Mexico
NM,2018,Annual,133,105,52,130,,537,0.63,,,357.6070167,,6.458884827,5.099119601,2.525278278,6.313195696,7364,,New Mexico
NV,2005,Annual,153,29,93,46,323,457,0.71,13.1,18.7,106.9419141,,5.665510483,1.073854928,3.443741666,1.703356093,2888,,Nevada
NV,2006,Annual,174,27,108,36,343,,0.74,13.4,18,116.9125129,,6.443129569,0.999795968,3.99918387,1.33306129,3157,,Nevada
NV,2007,Annual,187,23,124,42,,499,0.75,14.2,18.9,119.1408687,,6.924512812,0.851678046,4.591655555,1.555238172,3217,,Nevada
NV,2008,Annual,214,27,112,31,,,0.76,14.7,,126.125634,,7.92430878,0.999795968,4.147301791,1.147913889,3406,,Nevada
NV,2009,Annual,256,42,126,22,,,0.8,15.9,20.1,137.8150409,,9.479546952,1.555238172,4.665714515,0.814648566,3722,,Nevada
NV,2010,Annual,300,39,99,19,,,0.76,15.8,,145.1462456,125.4818677,11.10884408,1.444149731,3.665918548,0.703560125,3920,3389,Nevada
NV,2011,Annual,302,45,96,40,,,0.72,16.5,22.8,141.2420396,135.9017705,11.18290304,1.666326613,3.554830107,1.481179211,3814,3670,Nevada
NV,2012,Annual,305,27,71,45,446,602,0.74,15.6,,149.5140514,143.6397146,11.29399149,0.999795968,2.6290931,1.666326613,4038,3879,Nevada
NV,2013,Annual,242,26,70,48,,,0.65,13.7,,169.3529037,173.234962,8.961134228,0.962766487,2.59206362,1.777415053,4573,4678,Nevada
NV,2014,Annual,224,32,64,64,375,,0.69,,,174.1091478,183.10978,8.294603583,1.184943369,2.369886738,2.369886738,4702,4945,Nevada
NV,2015,Annual,,32,57,82,,619,0.68,,20.4,208.254267,231.3635207,,1.184943369,2.110680376,3.036417383,5624,6248,Nevada
NV,2016,Annual,,53,53,86,408,,,13.3,,254.5283589,298.6825486,,1.962562455,1.962562455,3.184535304,6874,8066,Nevada
NV,2017,Annual,,66,46,94,,,,13.3,,262.9049365,272.9529878,,2.443945698,1.703356093,3.480771146,7100,7371,Nevada
NV,2018,Annual,212,85,33,108,372,,0.54,11.5,,276.6670837,238.0021364,7.850249819,3.147505824,1.221972849,3.99918387,7472,6427,Nevada
NY,2005,Annual,100,20,179,34,562,,0.6,2.9,4.8,369.8332181,81.04547023,0.516046412,0.103209282,0.923723077,0.17545578,71667,15705,New York
NY,2006,Annual,281,137,310,111,1010,,0.6,5.2,8.6,363.1462526,98.96823886,1.450090416,0.706983584,1.599743876,0.572811517,70371,19178,New York
NY,2007,Annual,394,113,295,195,,,0.6,5.2,8.6,338.3950755,95.22211316,2.033222862,0.583132445,1.522336914,1.006290503,65575,18452,New York
NY,2008,Annual,466,121,277,219,,,0.66,5.6,8.5,337.0566807,97.6875252,2.404776278,0.624416158,1.42944856,1.130141641,65315,18930,New York
NY,2009,Annual,455,177,238,251,,,0.66,5.4,8,350.3585701,107.6774278,2.348011173,0.913402148,1.22819046,1.295276493,67893,20866,New York
NY,2010,Annual,526,173,263,193,,,0.69,5.4,,349.7218366,107.1942866,2.714404125,0.892760292,1.357202062,0.995969574,67769,20772,New York
NY,2011,Annual,621,155,301,334,,,0.7,6.8,9.7,362.0383837,155.0375126,3.204648216,0.799871938,1.553299699,1.723595015,70156,30043,New York
NY,2012,Annual,616,164,328,516,1530,,0.73,7.6,10.4,365.1117999,152.5528187,3.178845895,0.846316115,1.69263223,2.662799484,70752,29562,New York
NY,2013,Annual,644,210,274,666,,,0.73,8.3,11.3,358.3952864,165.6269517,3.32333889,1.083697464,1.413967168,3.436869101,69450,32095,New York
NY,2014,Annual,,294,231,825,,,0.76,8.6,11.3,360.5170524,185.8390609,,1.51717645,1.192067211,4.257382895,69861,36012,New York
NY,2015,Annual,,668,246,1058,,,0.79,10.8,13.6,379.5503673,219.3371681,,3.447190029,1.269474172,5.459771034,73550,42503,New York
NY,2016,Annual,,1641,289,1307,,,,,18,409.8273078,257.36188,,8.468321614,1.491374129,6.744726599,79417,49872,New York
NY,2017,Annual,,2238,283,1356,,,,16.1,,428.0519378,276.0707121,,11.54911869,1.460411345,6.997589341,82948,53497,New York
NY,2018,Annual,781,2195,266,1243,,,,,,,,4.030322474,11.32721873,1.372683455,6.414456896,,,New York
OH,2005,Annual,206,102,158,134,560,1243,0.45,4.9,10.9,141.6425767,91.49105248,1.785636272,0.884149999,1.369565685,1.161530391,16341,10555,Ohio
OH,2006,Annual,250,128,173,124,634,,0.42,5.6,13.2,153.4665412,97.48043696,2.167034311,1.109521567,1.499587743,1.074849018,17705,11246,Ohio
OH,2007,Annual,284,109,194,156,,,0.44,6.2,,162.8416689,95.66456051,2.461750978,0.94482696,1.681618626,1.35222941,18786,11036,Ohio
OH,2008,Annual,330,107,182,238,,,0.47,7.2,,173.4297211,119.9485437,2.860485291,0.927490685,1.577600979,2.063016664,20008,13838,Ohio
OH,2009,Annual,289,91,122,214,,,0.54,5.9,10.9,192.1668359,139.5216789,2.505091664,0.788800489,1.057512744,1.85498137,22169,16096,Ohio
OH,2010,Annual,516,175,175,355,,,,10,16.1,200.8503655,155.1558841,4.472758818,1.516924018,1.516924018,3.077188722,23171,17900,Ohio
OH,2011,Annual,582,162,163,438,,,0.63,11.2,17.7,216.0931711,180.5760253,5.044855877,1.404238234,1.412906371,3.796644113,24930,20832,Ohio
OH,2012,Annual,499,139,136,696,1355,,0.64,12.3,18.9,232.9278947,221.1413124,4.325400485,1.204871077,1.178866665,6.033023523,26872,25512,Ohio
OH,2013,Annual,518,167,116,998,,,0.69,14.6,,248.306876,245.0995679,4.490095093,1.44757892,1.00550392,8.650800971,28646,28276,Ohio
OH,2014,Annual,,590,107,1208,,,0.77,,,292.0121888,287.9274747,,5.114200975,0.927490685,10.47110979,33688,33217,Ohio
OH,2015,Annual,,1234,109,1444,,,,,,330.8078526,343.9772007,,10.69648136,0.94482696,12.51679018,38164,39683,Ohio
OH,2016,Annual,,2296,96,1478,,,,,,415.8421852,479.199834,,19.90204311,0.832141176,12.81150685,47974,55283,Ohio
OH,2017,Annual,,3523,106,1000,,,0.84,,,420.4927947,472.8737365,,30.53784751,0.918822548,8.668137245,48510,54553,Ohio
OH,2018,Annual,507,2783,71,721,,,,,,390.7086067,373.5247878,4.394745583,24.12342595,0.615437744,6.249726954,45074,43092,Ohio
OK,2005,Annual,170,54,111,,313,,0.65,9,13.8,95.94848311,,4.531700713,1.439481403,2.958933995,,3599,,Oklahoma
OK,2006,Annual,208,45,151,,383,,0.68,11.1,16.2,105.5806459,,5.544669107,1.199567836,4.025216515,,3961,,Oklahoma
OK,2007,Annual,284,67,181,,,666,0.74,13.9,,113.9304743,,7.570605896,1.786023222,4.824928406,,4274,,Oklahoma
OK,2008,Annual,249,70,114,,,564,0.73,11.4,,125.0576132,,6.637608691,1.865994411,3.038905184,,4691,,Oklahoma
OK,2009,Annual,343,160,112,17,,,0.75,15.5,,132.4094319,,9.143372614,4.265130082,2.985591058,0.453170071,4967,,Oklahoma
OK,2010,Annual,341,107,100,,,,0.71,13.9,,138.2931591,,9.090058488,2.852305743,2.665706302,,5188,,Oklahoma
OK,2011,Annual,349,83,75,14,483,,0.69,13,18.9,152.9372487,,9.303314992,2.21253623,1.999279726,0.373198882,5737,,Oklahoma
OK,2012,Annual,380,107,77,26,531,,0.69,14.2,,161.9719576,,10.12968395,2.852305743,2.052593852,0.693083638,6076,,Oklahoma
OK,2013,Annual,375,88,68,22,,,0.65,13.4,,153.7325063,,9.996398631,2.345821545,1.812680285,0.586455386,5767,,Oklahoma
OK,2014,Annual,,73,67,26,,,0.65,13,,155.1376685,,,1.9459656,1.786023222,0.693083638,5820,,Oklahoma
OK,2015,Annual,277,93,62,36,,,,11.2,,165.8660622,,7.384006455,2.47910686,1.652737907,0.959654269,6222,,Oklahoma
OK,2016,Annual,,98,46,53,,,0.55,11.6,,207.0511699,,,2.612392176,1.226224899,1.41282434,7767,,Oklahoma
OK,2017,Annual,,102,31,61,,,0.5,10.2,20.1,216.9639345,,,2.719020428,0.826368953,1.626080844,8139,,Oklahoma
OK,2018,Annual,154,79,21,84,,,0.43,7.8,,,,4.105187704,2.105907978,0.559798323,2.239193293,,,Oklahoma
OR,2005,Annual,80,22,123,39,267,386,0.69,7.2,10.4,140.8159875,,2.088187281,0.574251502,3.210587945,1.0179913,5395,,Oregon
OR,2006,Annual,122,27,145,60,359,,0.74,9.6,12.9,160.1588245,,3.184485604,0.704763207,3.784839447,1.566140461,6136,,Oregon
OR,2007,Annual,94,18,138,110,,,0.71,9.4,13.2,168.945886,,2.453620055,0.469842138,3.60212306,2.871257512,6472,,Oregon
OR,2008,Annual,92,22,134,93,,452,0.76,9,11.8,191.1435085,,2.401415373,0.574251502,3.497713696,2.427517714,7323,,Oregon
OR,2009,Annual,127,30,114,117,,,0.73,9.5,12.9,191.6621424,,3.314997309,0.78307023,2.975666876,3.053973899,7343,,Oregon
OR,2010,Annual,135,27,105,81,,503,0.66,8.5,12.9,194.8519432,,3.523816037,0.704763207,2.740745807,2.114289622,7465,,Oregon
OR,2011,Annual,159,29,98,133,,532,0.74,10.1,13.5,225.0973128,,4.150272221,0.756967889,2.558029419,3.471611355,8624,,Oregon
OR,2012,Annual,145,31,84,129,361,,0.74,9.2,,220.619668,,3.784839447,0.809172571,2.192596645,3.367201991,8452,,Oregon
OR,2013,Annual,119,27,66,103,,455,0.66,7.5,11.3,254.2311507,,3.106178581,0.704763207,1.722754507,2.688541124,9740,,Oregon
OR,2014,Annual,,33,59,124,,522,0.65,8.3,12.8,307.0135632,,,0.861377253,1.54003812,3.236690286,11762,,Oregon
OR,2015,Annual,,34,70,102,331,,0.66,7.9,12,359.5292967,259.1610096,,0.887479594,1.827163871,2.662438783,13774,9929,Oregon
OR,2016,Annual,128,43,46,114,,506,0.62,7.6,,388.7121675,291.7214322,3.34109965,1.122400664,1.200707687,2.975666876,14892,11176,Oregon
OR,2017,Annual,124,85,38,124,,530,0.65,8.1,12.4,370.0188795,269.4272755,3.236690286,2.218698986,0.991888959,3.236690286,14176,10322,Oregon
OR,2018,Annual,123,97,34,154,,,0.62,8,12.6,360.7612178,264.084739,3.210587945,2.531927078,0.887479594,4.019760516,13821,10117,Oregon
PA,2005,Annual,157,72,114,138,504,,0.31,4.2,13.2,,,1.235988943,0.566822955,0.897469679,1.086410664,,,Pennsylvania
PA,2006,Annual,140,93,98,94,418,,0.26,3.5,13.5,,,1.102155746,0.732146317,0.771509022,0.740018858,,,Pennsylvania
PA,2007,Annual,214,83,124,86,,,0.28,4,,,,1.684723783,0.653420906,0.976195089,0.67703853,,,Pennsylvania
PA,2008,Annual,260,99,111,158,,,0.33,4.9,14.9,186.9082386,,2.046860671,0.779381563,0.873852056,1.243861485,23742,,Pennsylvania
PA,2009,Annual,292,105,103,175,,,0.33,5.2,15.2,179.401574,,2.298781984,0.826616809,0.810871727,1.377694682,22788,,Pennsylvania
PA,2010,Annual,328,98,110,131,,,0.33,5.1,15.3,184.7677427,,2.582193462,0.771509022,0.865979515,1.031302876,23470,,Pennsylvania
PA,2011,Annual,325,111,86,240,,,0.33,6.2,18.3,228.3653969,,2.558575838,0.873852056,0.67703853,1.88940985,29008,,Pennsylvania
PA,2012,Annual,358,99,87,323,827,,0.35,6.8,,245.2542789,,2.818369693,0.779381563,0.684911071,2.542830756,31153,,Pennsylvania
PA,2013,Annual,406,108,82,409,,,0.39,7.8,,266.1403495,,3.196251663,0.850234432,0.645548365,3.219869286,33806,,Pennsylvania
PA,2014,Annual,,217,81,503,,,0.4,9,,285.081658,,,1.708341406,0.637675824,3.959888144,36212,,Pennsylvania
PA,2015,Annual,,429,89,663,,,0.42,11.2,26.3,316.6366193,,,3.377320107,0.700656153,5.21949471,40220,,Pennsylvania
PA,2016,Annual,,1309,113,926,,,0.48,,,362.2552672,,,10.30515622,0.889597138,7.289973004,46015,,Pennsylvania
PA,2017,Annual,564,1982,64,819,,,0.47,,,362.8521225,,4.440113147,15.60337634,0.503842627,6.447611113,46091,,Pennsylvania
PA,2018,Annual,595,2430,118,845,,,0.65,,,342.0969446,,4.68416192,19.13027473,0.928959843,6.65229718,43454,,Pennsylvania
RI,2005,Annual,24,10,25,,112,156,0.72,10.3,14.3,183.3493779,,2.280139887,0.950058286,2.375145715,,1930,,Rhode Island
RI,2006,Annual,33,,45,10,130,175,0.74,12.2,16.4,206.5607813,104.1059,3.135192344,,4.275262287,0.950058286,2174,1096,Rhode Island
RI,2007,Annual,17,,29,,,135,0.64,8,12.4,218.5893662,120.2334216,1.615099086,,2.75516903,,2301,1266,Rhode Island
RI,2008,Annual,29,13,28,,133,185,0.72,12.5,,223.7678676,151.5271077,2.75516903,1.235075772,2.660163201,,2355,1595,Rhode Island
RI,2009,Annual,26,11,40,,,161,0.71,10.6,,244.1409031,174.6575668,2.470151544,1.045064115,3.800233144,,2570,1838,Rhode Island
RI,2010,Annual,45,12,25,,111,167,0.66,10.5,,271.6159427,167.7515364,4.275262287,1.140069943,2.375145715,,2859,1766,Rhode Island
RI,2011,Annual,62,,29,12,,190,0.75,13.3,17.7,317.2335713,187.96564,5.890361374,,2.75516903,1.140069943,3339,1978,Rhode Island
RI,2012,Annual,72,12,28,30,140,196,0.71,13.2,,321.6472595,227.8888883,6.84041966,1.140069943,2.660163201,2.850174858,3386,2399,Rhode Island
RI,2013,Annual,80,32,28,65,,241,0.79,18.1,,317.8318436,253.7889654,7.600466289,3.040186515,2.660163201,6.175378859,3345,2671,Rhode Island
RI,2014,Annual,70,82,24,66,,247,,,,377.4257807,298.2788889,6.650408003,7.790477946,2.280139887,6.270384688,3973,3140,Rhode Island
RI,2015,Annual,,137,30,45,,310,,,,367.9507397,361.8673381,,13.01579852,2.850174858,4.275262287,3873,3809,Rhode Island
RI,2016,Annual,,182,29,25,,326,,,,443.6190382,444.3759059,,17.29106081,2.75516903,2.375145715,4669,4677,Rhode Island
RI,2017,Annual,,201,30,14,,,,,,447.5894234,456.8492426,,19.09617155,2.850174858,1.330081601,4711,4809,Rhode Island
RI,2018,Annual,58,213,33,24,267,,0.84,,,,,5.510338059,20.23624149,3.135192344,2.280139887,,,Rhode Island
SC,2005,Annual,59,30,59,,149,,0.35,3.5,9.9,86.28031564,34.9565148,1.275575284,0.648597602,1.275575284,,3991,1617,South Carolina
SC,2006,Annual,115,41,69,,214,,0.39,4.9,12.7,90.74277001,47.43642167,2.486290809,0.886416723,1.491774485,,4197,2194,South Carolina
SC,2007,Annual,112,35,59,,,,0.37,4.5,12.1,98.09460365,48.12493577,2.421431048,0.756697203,1.275575284,,4537,2226,South Carolina
SC,2008,Annual,120,41,58,11,,565,0.39,4.8,,103.8862714,56.67424025,2.594390409,0.886416723,1.253955364,0.237819121,4805,2621,South Carolina
SC,2009,Annual,126,56,58,19,,,0.39,5.2,13.3,107.4395813,70.42189939,2.72410993,1.210715524,1.253955364,0.410778481,4969,3257,South Carolina
SC,2010,Annual,146,58,73,15,,,0.4,5.9,,120.2290824,68.97378294,3.156508331,1.253955364,1.578254166,0.324298801,5561,3190,South Carolina
SC,2011,Annual,144,47,61,12,243,618,0.39,5.3,13.3,117.541962,86.78444351,3.113268491,1.016136244,1.318815125,0.259439041,5437,4014,South Carolina
SC,2012,Annual,148,46,37,19,237,587,0.4,5.1,,122.160171,95.64426837,3.199748171,0.994516323,0.799937043,0.410778481,5650,4424,South Carolina
SC,2013,Annual,144,50,50,32,,,0.4,5.4,13,132.2470429,92.45085489,3.113268491,1.080996004,1.080996004,0.691837442,6117,4276,South Carolina
SC,2014,Annual,319,110,77,64,,,0.73,10.7,14.4,141.4856118,105.8321509,6.896754504,2.378191208,1.664733846,1.383674885,6544,4895,South Carolina
SC,2015,Annual,,161,57,100,,,0.73,11.4,,153.628532,122.4722714,,3.480807132,1.232335444,2.161992008,7106,5665,South Carolina
SC,2016,Annual,342,237,56,115,,,0.71,13.1,,190.2185467,185.8320403,7.394012666,5.123921058,1.210715524,2.486290809,8798,8595,South Carolina
SC,2017,Annual,312,404,45,153,,,0.74,15.5,,185.2042981,184.1792868,6.745415064,8.73444771,0.972896403,3.307847772,8566,8519,South Carolina
SC,2018,Annual,330,510,58,183,,,0.74,,,168.7815385,183.0716134,7.134573625,11.02615924,1.253955364,3.956445374,7807,8468,South Carolina
SD,2005,Annual,14,,,,22,40,0.55,3.1,5.5,55.1498391,22.86017189,1.719521482,,,,449,186,South Dakota
SD,2006,Annual,18,,,,23,37,0.62,3.3,5.1,58.04189041,24.40137245,2.210813334,,,,473,199,South Dakota
SD,2007,Annual,11,,,,,32,0.63,2.5,,67.11059979,33.75521857,1.351052593,,,,546,275,South Dakota
SD,2008,Annual,15,,,,,54,0.57,4.2,,75.79482767,34.84431774,1.842344445,,,,617,284,South Dakota
SD,2009,Annual,19,12,,,,49,0.71,4.6,,80.41786907,32.42528301,2.333636297,1.473875556,,,655,264,South Dakota
SD,2010,Annual,20,,,,,45,0.71,4.5,6.3,100.9384163,45.83091289,2.45645926,,,,822,373,South Dakota
SD,2011,Annual,21,,,,34,57,0.6,4.5,7.1,97.87443545,41.44925699,2.579282223,,,,797,337,South Dakota
SD,2012,Annual,17,,,,24,42,0.57,3.1,5.5,108.3994907,53.89866103,2.087990371,,,,883,439,South Dakota
SD,2013,Annual,27,,,,34,55,0.62,4.4,,125.9383135,57.85390903,3.31622,,,,1025,471,South Dakota
SD,2014,Annual,20,,,,,63,0.52,4.1,,128.3294068,63.12433471,2.45645926,,,,1045,514,South Dakota
SD,2015,Annual,10,,,,,65,0.42,3.5,8.4,141.4724757,69.33482962,1.22822963,,,,1152,565,South Dakota
SD,2016,Annual,25,10,,,,69,,5,8.4,152.6743631,92.00999146,3.070574075,1.22822963,,,1243,749,South Dakota
SD,2017,Annual,14,14,,,,73,0.48,4,8.5,162.2070167,85.48873137,1.719521482,1.719521482,,,1321,696,South Dakota
SD,2018,Annual,,13,,,,57,0.49,3.5,,148.4333458,80.95178336,,1.596698519,,,1209,659,South Dakota
TN,2005,Annual,223,79,134,12,447,872,0.51,7.5,14.5,133.8078132,82.80602701,3.513966441,1.244858066,2.111531404,0.189092365,8492,5255,Tennessee
TN,2006,Annual,221,64,183,,470,,0.48,7.7,16,136.5606643,84.90733414,3.482451047,1.008492611,2.883658559,,8666,5388,Tennessee
TN,2007,Annual,236,84,159,,,,0.49,7.8,,157.886971,89.51758536,3.718816502,1.323646552,2.50547383,,10020,5681,Tennessee
TN,2008,Annual,266,98,118,,,,0.51,7.7,,176.5898921,95.83312238,4.191547414,1.54425431,1.859408251,,11207,6082,Tennessee
TN,2009,Annual,342,75,104,21,,,0.56,8.5,15.2,176.6075552,101.567718,5.389132389,1.181827278,1.638800493,0.330911638,11208,6446,Tennessee
TN,2010,Annual,422,72,127,17,,,,10,16.9,186.2560065,109.1955208,6.649748153,1.134554187,2.001227525,0.26788085,11820,6930,Tennessee
TN,2011,Annual,451,64,87,19,,,0.58,10.1,17.2,194.6114571,116.1144968,7.106721367,1.008492611,1.370919643,0.299396244,12350,7369,Tennessee
TN,2012,Annual,491,77,104,50,723,1131,0.64,11.4,17.6,246.205631,140.4699235,7.737029249,1.213342672,1.638800493,0.787884852,15624,8914,Tennessee
TN,2013,Annual,524,99,86,68,,1187,0.65,11.9,,245.1912009,156.984145,8.257033251,1.560012007,1.355161946,1.071523399,15560,9962,Tennessee
TN,2014,Annual,,132,71,148,,,0.68,13.4,19.5,251.7804526,145.6224662,,2.08001601,1.11879649,2.332139163,15978,9241,Tennessee
TN,2015,Annual,,251,67,205,,,0.71,16,,335.4860418,199.6813157,,3.955181958,1.055765702,3.230327894,21290,12672,Tennessee
TN,2016,Annual,,395,83,260,,,0.73,18.1,,421.0551472,285.0787955,,6.224290332,1.307888855,4.097001231,26721,18091,Tennessee
TN,2017,Annual,,590,69,311,,,0.71,,,425.638442,284.6724038,,9.297041256,1.087281096,4.900643781,27011,18066,Tennessee
TN,2018,Annual,500,827,67,369,,,0.72,,,401.400416,245.5448353,7.878848522,13.03161546,1.055765702,5.814590209,25473,15583,Tennessee
TX,2005,Annual,401,86,199,203,872,,0.46,3.9,8.5,69.35879431,,1.594714868,0.342008675,0.791392167,0.807299547,17441,,Texas
TX,2006,Annual,564,111,223,212,1067,,0.49,4.6,9.5,75.60580533,,2.242940613,0.441429801,0.886836448,0.843091152,19012,,Texas
TX,2007,Annual,515,118,195,214,,,0.47,4.3,9.3,80.34589862,,2.048075205,0.469267717,0.775484786,0.851044842,20203,,Texas
TX,2008,Annual,440,86,173,250,,,0.46,3.9,8.5,78.26934123,,1.749811826,0.342008675,0.687994195,0.994211265,19681,,Texas
TX,2009,Annual,534,166,177,305,1151,,0.48,4.6,9.8,85.245504,,2.123635261,0.66015628,0.703901575,1.212937743,21435,,Texas
TX,2010,Annual,540,156,180,260,,,0.47,4.4,9.6,87.1332267,,2.147496331,0.620387829,0.71583211,1.033979715,21910,,Texas
TX,2011,Annual,521,114,179,368,,,0.46,4.6,10.1,95.70433883,,2.071936275,0.453360337,0.711855265,1.463478981,24065,,Texas
TX,2012,Annual,480,121,142,367,1131,,0.46,4.4,9.4,100.6548214,,1.908885628,0.481198252,0.564711998,1.459502136,25310,,Texas
TX,2013,Annual,452,112,128,369,,,0.43,4,9.3,98.48845925,,1.797533966,0.445406647,0.509036167,1.467455826,24765,,Texas
TX,2014,Annual,,157,116,425,1151,,0.44,4.3,9.7,98.57193484,,,0.624364674,0.461314027,1.69015915,24786,,Texas
TX,2015,Annual,,186,144,523,,,0.5,4.7,9.4,108.9148798,90.93821612,,0.739693181,0.572665688,2.079889965,27387,22867,Texas
TX,2016,Annual,,250,139,530,,,0.49,4.9,10.1,134.0961855,101.8297473,,0.994211265,0.552781463,2.107727881,33719,25606,Texas
TX,2017,Annual,,348,129,569,,,0.49,5.1,10.5,131.3772709,96.38418139,,1.38394208,0.513013013,2.262824838,33036,24236,Texas
TX,2018,Annual,459,358,111,668,,,0.47,4.8,10.4,,,1.825371882,1.423710531,0.441429801,2.656532499,,,Texas
UT,2005,Annual,181,38,112,44,326,438,0.74,14.2,19.3,121.7375087,127.1586234,6.548752933,1.374876306,4.052267008,1.591962039,3365,3515,Utah
UT,2006,Annual,192,38,109,46,331,,0.75,13.9,19.1,130.3963379,145.2373394,6.946743443,1.374876306,3.943724142,1.66432395,3604,4014,Utah
UT,2007,Annual,238,33,87,51,359,,0.7,14.7,,132.3741427,142.4624151,8.611067392,1.193971529,3.147743122,1.845228727,3659,3937,Utah
UT,2008,Annual,227,26,99,68,,468,0.75,,,128.6818638,158.3126538,8.213076883,0.940704841,3.581914588,2.460304969,3557,4376,Utah
UT,2009,Annual,254,59,66,54,,,0.77,14.7,19.1,135.3873571,150.3125027,9.189962679,2.13467637,2.387943058,1.953771593,3742,4154,Utah
UT,2010,Annual,222,50,62,55,,,,12.8,16.9,138.8212083,157.2478325,8.032172106,1.809047772,2.243219237,1.989952549,3837,4346,Utah
UT,2011,Annual,280,56,75,73,,504,0.76,14.6,19.5,151.382948,151.1505272,10.13066752,2.026133504,2.713571657,2.641209746,4184,4178,Utah
UT,2012,Annual,328,59,53,84,422,601,0.7,16.1,,157.4596309,158.2064726,11.86735338,2.13467637,1.917590638,3.039200256,4352,4373,Utah
UT,2013,Annual,358,58,59,122,,594,0.73,15.9,,168.9269769,151.9059247,12.95278204,2.098495415,2.13467637,4.414076563,4669,4199,Utah
UT,2014,Annual,,68,47,110,,603,0.75,,,204.4488897,173.1920218,,2.460304969,1.700504905,3.979905097,5651,4787,Utah
UT,2015,Annual,,62,45,127,,646,0.69,15.9,,266.1293451,214.1192716,,2.243219237,1.628142994,4.59498134,7356,5918,Utah
UT,2016,Annual,,72,40,166,,,0.73,,,315.2980675,257.5597255,,2.605028791,1.447238217,6.006038601,8714,7119,Utah
UT,2017,Annual,290,92,46,147,,650,0.7,15.5,,313.752006,244.6385573,10.49247707,3.3286479,1.66432395,5.318600448,8672,6762,Utah
UT,2018,Annual,279,83,40,156,,,0.7,,,,,10.09448657,3.003019301,1.447238217,5.644229047,,,Utah
VA,2005,Annual,156,42,121,61,363,,0.62,4.7,7.5,,,1.949750432,0.524932809,1.512306425,0.762402412,,,Virginia
VA,2006,Annual,168,63,113,71,408,,0.65,5.3,8,92.99624978,,2.099731234,0.787399213,1.412319223,0.887386415,7441,,Virginia
VA,2007,Annual,216,68,142,95,,,0.72,6.4,8.9,90.67525728,,2.699654444,0.849891214,1.774772829,1.187348019,7255,,Virginia
VA,2008,Annual,216,89,139,87,,,0.68,6.2,9,99.57414362,,2.699654444,1.112357618,1.737277628,1.087360818,7967,,Virginia
VA,2009,Annual,209,80,126,104,,685,0.7,5.9,8.5,120.7228248,,2.612165643,0.999872016,1.574798426,1.299833621,9659,,Virginia
VA,2010,Annual,196,87,108,45,,,0.7,4.8,,125.9679441,,2.44968644,1.087360818,1.349827222,0.562428009,10079,,Virginia
VA,2011,Annual,319,77,156,103,,,0.72,7.1,9.7,131.5472917,,3.986989665,0.962376816,1.949750432,1.287335221,10525,,Virginia
VA,2012,Annual,276,89,104,121,533,,0.73,6.5,8.9,138.5328265,,3.449558457,1.112357618,1.299833621,1.512306425,11084,,Virginia
VA,2013,Annual,297,125,96,206,,,0.75,7.6,10.2,157.0092237,,3.712024861,1.562300026,1.19984642,2.574670442,12562,,Virginia
VA,2014,Annual,323,176,105,253,,,0.77,9.1,11.7,166.5533661,,4.036983266,2.199718436,1.312332022,3.162095252,13326,,Virginia
VA,2015,Annual,276,270,67,353,,1039,0.79,9.9,12.4,200.2176534,,3.449558457,3.374568055,0.837392814,4.411935272,16019,,Virginia
VA,2016,Annual,343,648,77,450,,,0.8,13.5,,237.8517172,,4.28695127,8.098963333,0.962376816,5.624280092,19031,,Virginia
VA,2017,Annual,,829,83,556,,,,,,225.9680356,,,10.36117377,1.037367217,6.949110514,18080,,Virginia
VA,2018,Annual,252,852,93,532,,,,,,207.2254982,,3.149596852,10.64863697,1.162351219,6.649148909,16580,,Virginia
VT,2005,Annual,17,,16,,37,53,0.7,6.1,8.5,110.6956015,120.8025912,2.716778987,,2.556968458,,693,756,Vermont
VT,2006,Annual,24,15,27,,57,75,0.76,9.4,12.2,100.9570924,151.0356502,3.835452687,2.39715793,4.314884273,,632,945,Vermont
VT,2007,Annual,28,15,17,,,66,0.79,8.8,,124.0742338,140.5216547,4.474694802,2.39715793,2.716778987,,776,879,Vermont
VT,2008,Annual,32,14,17,,57,73,,8.6,10.9,141.8965561,146.051185,5.113936916,2.237347401,2.716778987,,888,914,Vermont
VT,2009,Annual,23,,13,,,55,0.71,6,,137.9254913,188.40172,3.675642159,,2.077536872,,863,1179,Vermont
VT,2010,Annual,27,,,,43,63,0.68,6.8,9.7,144.6768562,141.9440711,4.314884273,,,,905,888,Vermont
VT,2011,Annual,30,12,13,,55,83,0.66,9.1,12.9,166.8588894,169.889787,4.794315859,1.917726344,2.077536872,,1044,1063,Vermont
VT,2012,Annual,27,,17,10,55,70,0.79,8.6,10.9,182.9243163,180.0710774,4.314884273,,2.716778987,1.598105286,1145,1127,Vermont
VT,2013,Annual,37,17,14,20,70,93,0.75,11.6,,206.5463222,214.3615884,5.91298956,2.716778987,2.237347401,3.196210573,1292,1341,Vermont
VT,2014,Annual,21,21,,33,,83,0.77,,,203.2595085,223.7293882,3.356021101,3.356021101,,5.273747445,1272,1400,Vermont
VT,2015,Annual,25,33,,33,,99,0.8,13.4,,256.4421522,249.9035152,3.995263216,5.273747445,,5.273747445,1605,1564,Vermont
VT,2016,Annual,23,53,13,45,,125,,,,283.0872145,273.6722508,3.675642159,8.469958018,2.077536872,7.191473789,1771,1712,Vermont
VT,2017,Annual,27,77,14,41,,134,,,,264.6728829,226.1546674,4.314884273,12.30541071,2.237347401,6.552231674,1656,1415,Vermont
VT,2018,Annual,20,106,,68,,153,,,,267.0755944,249.110149,3.196210573,16.93991604,,10.86711595,1671,1559,Vermont
WA,2005,Annual,232,54,269,54,603,850,0.71,9.2,13,144.2094757,,3.450050115,0.803028906,4.000273625,0.803028906,9697,,Washington
WA,2006,Annual,263,51,337,54,661,,0.74,10,13.6,151.7123001,,3.911048191,0.758416189,5.01149521,0.803028906,10202,,Washington
WA,2007,Annual,276,37,277,75,,,0.68,9.7,14.4,158.6732492,,4.104369964,0.55022351,4.11924087,1.115317925,10670,,Washington
WA,2008,Annual,302,53,290,67,,1011,0.68,10.1,,164.7482582,,4.491013512,0.788158,4.312562644,0.99635068,11079,,Washington
WA,2009,Annual,329,71,262,67,,,0.72,10.2,14.3,195.6519408,,4.892527965,1.055834302,3.896177285,0.99635068,13157,,Washington
WA,2010,Annual,293,65,229,60,,,0.69,8.9,,209.7935321,,4.357175361,0.966608868,3.405437398,0.89225434,14108,,Washington
WA,2011,Annual,325,53,236,148,,,0.7,9.9,14.1,232.9006364,,4.833044342,0.788158,3.509533738,2.200894039,15661,,Washington
WA,2012,Annual,332,59,180,177,695,,0.71,9.7,13.7,256.2869783,,4.937140682,0.877383434,2.67676302,2.632150303,17234,,Washington
WA,2013,Annual,269,59,156,205,,,0.66,8.9,,279.8522488,,4.000273625,0.877383434,2.319861284,3.048535662,18819,,Washington
WA,2014,Annual,,62,115,289,673,,0.69,9.2,13.3,313.1843011,,,0.921996151,1.710154152,4.297691738,21060,,Washington
WA,2015,Annual,,65,111,303,,,0.63,9.3,14.7,353.0814225,,,0.966608868,1.650670529,4.505884417,23743,,Washington
WA,2016,Annual,292,93,122,283,,,0.64,9.4,14.5,388.6478301,,4.342304455,1.382994227,1.814250491,4.208466304,26135,,Washington
WA,2017,Annual,250,143,119,306,,1169,0.63,9.6,15.2,395.435374,,3.717726417,2.126539511,1.769637774,4.550497134,26591,,Washington
WA,2018,Annual,216,221,94,328,,,0.63,9.4,,372.49166,,3.212115624,3.286470153,1.397865133,4.877657059,25048,,Washington
WI,2005,Annual,135,53,72,31,273,518,0.53,4.9,9.3,117.8179712,59.46709724,2.373840906,0.931952356,1.266048483,0.545104208,6700,3382,Wisconsin
WI,2006,Annual,159,56,116,28,334,593,0.56,6,10.6,135.3731655,58.73335465,2.795857067,0.984704376,2.039744779,0.492352188,7699,3340,Wisconsin
WI,2007,Annual,180,55,140,34,,,0.6,6.7,11.1,146.9734583,66.49703178,3.165121208,0.967120369,2.46176094,0.597856228,8358,3782,Wisconsin
WI,2008,Annual,176,53,119,67,,,,6.6,10.6,172.3653777,75.97622653,3.094785181,0.931952356,2.092496799,1.17812845,9802,4321,Wisconsin
WI,2009,Annual,191,76,94,75,,,0.63,6.9,10.9,178.6345346,93.0513583,3.358545282,1.33638451,1.652896631,1.318800503,10159,5292,Wisconsin
WI,2010,Annual,228,66,85,92,,630,0.66,7.3,10.9,193.6699737,109.9324693,4.009153531,1.160544443,1.494640571,1.617728618,11014,6252,Wisconsin
WI,2011,Annual,232,60,78,135,,,0.68,8.3,12.1,192.6271699,128.1466815,4.079489557,1.055040403,1.371552524,2.373840906,10955,7288,Wisconsin
WI,2012,Annual,229,56,62,185,483,,0.7,8.6,12.2,200.9248425,130.6307208,4.026737537,0.984704376,1.090208416,3.253041242,11427,7429,Wisconsin
WI,2013,Annual,277,81,76,232,,,0.7,10.6,,203.1602686,135.6300337,4.870769859,1.424304544,1.33638451,4.079489557,11554,7713,Wisconsin
WI,2014,Annual,279,90,78,270,,,0.74,11.1,,212.8083366,156.8465183,4.905937873,1.582560604,1.371552524,4.747681812,12102,8920,Wisconsin
WI,2015,Annual,249,112,73,287,,,0.71,11.2,,242.3078563,193.2327396,4.378417672,1.969408752,1.28363249,5.046609927,13780,10989,Wisconsin
WI,2016,Annual,328,288,67,389,,,,15.8,19.3,287.8358213,242.5030127,5.767554202,5.064193933,1.17812845,6.840178611,16369,13791,Wisconsin
WI,2017,Annual,,466,58,414,,,0.79,,,261.6179369,239.1996298,,8.194147128,1.019872389,7.279778779,14878,13603,Wisconsin
WI,2018,Annual,251,506,56,327,,,,,,215.1506488,202.9114482,4.413585685,8.897507397,0.984704376,5.749970195,12236,11540,Wisconsin
WV,2005,Annual,54,42,60,,140,184,0.76,8.2,10.5,138.0608239,,2.914202636,2.266602051,3.238002929,,2558,,West Virginia
WV,2006,Annual,155,50,104,,285,362,0.79,16.1,20.4,163.8978692,,8.364840901,2.698335774,5.612538411,,3037,,West Virginia
WV,2007,Annual,177,80,93,21,,397,0.84,19,,173.223176,,9.552108641,4.317337239,5.01890454,1.133301025,3210,,West Virginia
WV,2008,Annual,218,87,86,36,,459,,,,225.2024367,,11.76474398,4.695104248,4.641137532,1.942801758,4173,,West Virginia
WV,2009,Annual,99,42,41,19,,226,,10.3,12.4,233.8069394,,5.342704833,2.266602051,2.212635335,1.025367594,4332,,West Virginia
WV,2010,Annual,342,102,69,28,,,,25.6,,260.630111,,18.4566167,5.50460498,3.723703369,1.511068034,4829,,West Virginia
WV,2011,Annual,442,99,59,34,,,,31.5,36.3,296.2789753,,23.85328825,5.342704833,3.184036214,1.834868327,5490,,West Virginia
WV,2012,Annual,348,89,67,63,468,,0.84,27.1,,313.3226903,,18.78041699,4.803037678,3.615769938,3.399903076,5806,,West Virginia
WV,2013,Annual,341,98,54,144,,,,27.9,,338.1146769,,18.40264998,5.288738118,2.914202636,7.77120703,6265,,West Virginia
WV,2014,Annual,,122,35,163,,,,,,349.2798831,,,6.58393929,1.888835042,8.796574625,6472,,West Virginia
WV,2015,Annual,,217,29,194,,,,,,373.6947913,,,11.71077726,1.565034749,10.4695428,6925,,West Virginia
WV,2016,Annual,,435,27,235,,,,,,429.6120499,,,23.47552124,1.457101318,12.68217814,7961,,West Virginia
WV,2017,Annual,279,618,35,244,833,,,,,423.2853139,,15.05671362,33.35143017,1.888835042,13.16787858,7843,,West Virginia
WV,2018,Annual,214,551,27,195,,,,,,430.6164389,,11.54887711,29.73566023,1.457101318,10.52350952,7979,,West Virginia
WY,2005,Annual,,,,,10,26,0.38,,4.9,,,,,,,,,Wyoming
WY,2006,Annual,,,,,14,55,0.25,,10.6,,,,,,,,,Wyoming
WY,2007,Annual,,,,,,63,0.4,4.6,,71.33856798,,,,,,402,,Wyoming
WY,2008,Annual,19,11,,,40,74,0.54,7.6,,71.53606626,,3.371029725,1.951648788,,,403,,Wyoming
WY,2009,Annual,15,,10,,,60,0.53,5.7,,82.75366172,,2.661339257,,1.774226171,,466,,Wyoming
WY,2010,Annual,31,,,,47,85,0.55,8.5,,75.77584854,,5.500101131,,,,427,,Wyoming
WY,2011,Annual,28,,,,43,85,0.51,7.5,15.2,69.3791665,,4.96783328,,,,391,,Wyoming
WY,2012,Annual,26,,,,45,98,0.46,7.7,,77.76149929,,4.612988045,,,,438,,Wyoming
WY,2013,Annual,33,,,,,98,0.49,8.6,17.2,89.48944916,,5.854946365,,,,504,,Wyoming
WY,2014,Annual,28,12,,10,54,109,0.5,9.3,,96.66948037,98.83032453,4.96783328,2.129071406,,1.774226171,545,557,Wyoming
WY,2015,Annual,28,,,,,96,0.48,7.9,16.4,97.89377755,105.0320996,4.96783328,,,,552,592,Wyoming
WY,2016,Annual,26,,,,50,99,0.51,8.7,17.6,127.7134527,144.5511077,4.612988045,,,,720,815,Wyoming
WY,2017,Annual,30,17,,,47,69,0.68,8.7,12.2,127.6103039,131.2764301,5.322678514,3.016184491,,,719,740,Wyoming
WY,2018,Annual,27,10,,,40,66,,6.8,11.1,,,4.790410662,1.774226171,,,,,Wyoming
,2005,Annual,,,,,,,,,,136.8080155,89.09913125,,,,,,,
,2006,Annual,,,,,,,,,,164.2363286,91.77770693,,,,,,,
,2007,Annual,,,,,,,,,,158.953267,82.62883434,,,,,,,
,2008,Annual,,,,,,,,,,165.7145372,94.13861823,,,,,,,
,2009,Annual,,,,,,,,,,181.3759784,107.3547639,,,,,,,
,2010,Annual,,,,,,,,,,197.05543,117.4924981,,,,,,,
,2011,Annual,,,,,,,,,,207.797426,131.1558478,,,,,,,
,2012,Annual,,,,,,,,,,210.4135501,146.7750486,,,,,,,
,2013,Annual,,,,,,,,,,213.7253841,166.2368656,,,,,,,
,2014,Annual,,,,,,,,,,224.5748949,177.6506105,,,,,,,
,2015,Annual,,,,,,,,,,252.4980587,210.0239353,,,,,,,
,2016,Annual,,,,,,,,,,296.9098105,243.516279,,,,,,,
,2017,Annual,,,,,,,,,,299.7375903,249.051451,,,,,,,
,2018,Annual,,,,,,,,,,,,,,,,,,
